
====================
== NeMo Framework ==
====================

NVIDIA Release  (build 443194436)
Container image Copyright (c) 2026, NVIDIA CORPORATION & AFFILIATES. All rights reserved.
Copyright (c) 2014-2024 Facebook Inc.
Copyright (c) 2011-2014 Idiap Research Institute (Ronan Collobert)
Copyright (c) 2012-2014 Deepmind Technologies    (Koray Kavukcuoglu)
Copyright (c) 2011-2012 NEC Laboratories America (Koray Kavukcuoglu)
Copyright (c) 2011-2013 NYU                      (Clement Farabet)
Copyright (c) 2006-2010 NEC Laboratories America (Ronan Collobert, Leon Bottou, Iain Melvin, Jason Weston)
Copyright (c) 2006      Idiap Research Institute (Samy Bengio)
Copyright (c) 2001-2004 Idiap Research Institute (Ronan Collobert, Samy Bengio, Johnny Mariethoz)
Copyright (c) 2015      Google Inc.
Copyright (c) 2015      Yangqing Jia
Copyright (c) 2013-2016 The Caffe contributors
All rights reserved.

Various files include modifications (c) NVIDIA CORPORATION & AFFILIATES.  All rights reserved.

GOVERNING TERMS: The software and materials are governed by the NVIDIA Software License Agreement
(found at https://www.nvidia.com/en-us/agreements/enterprise-software/nvidia-software-license-agreement/)
and the Product-Specific Terms for NVIDIA AI Products
(found at https://www.nvidia.com/en-us/agreements/enterprise-software/product-specific-terms-for-ai-products/).

NOTE: CUDA Forward Compatibility mode ENABLED.
  Using CUDA 13.3 driver version 610.43.02 with kernel driver version 595.91.07.
  See https://docs.nvidia.com/deploy/cuda-compatibility/ for details.

/usr/local/lib/python3.12/dist-packages/torch/cuda/__init__.py:63: FutureWarning: The pynvml package is deprecated. Please install nvidia-ml-py instead. If you did not install pynvml directly, please report this to the maintainers of the package that installed pynvml for you.
  import pynvml  # type: ignore[import]

*****************************************
Setting OMP_NUM_THREADS environment variable for each process to be 1 in default, to avoid your system being overloaded, please further tune the variable for optimal performance in your application as needed. 
*****************************************
/usr/local/lib/python3.12/dist-packages/torch/cuda/__init__.py:63: FutureWarning: The pynvml package is deprecated. Please install nvidia-ml-py instead. If you did not install pynvml directly, please report this to the maintainers of the package that installed pynvml for you.
  import pynvml  # type: ignore[import]
/usr/local/lib/python3.12/dist-packages/torch/cuda/__init__.py:63: FutureWarning: The pynvml package is deprecated. Please install nvidia-ml-py instead. If you did not install pynvml directly, please report this to the maintainers of the package that installed pynvml for you.
  import pynvml  # type: ignore[import]
/usr/local/lib/python3.12/dist-packages/torch/cuda/__init__.py:63: FutureWarning: The pynvml package is deprecated. Please install nvidia-ml-py instead. If you did not install pynvml directly, please report this to the maintainers of the package that installed pynvml for you.
  import pynvml  # type: ignore[import]
/usr/local/lib/python3.12/dist-packages/torch/cuda/__init__.py:63: FutureWarning: The pynvml package is deprecated. Please install nvidia-ml-py instead. If you did not install pynvml directly, please report this to the maintainers of the package that installed pynvml for you.
  import pynvml  # type: ignore[import]
/usr/local/lib/python3.12/dist-packages/torch/cuda/__init__.py:63: FutureWarning: The pynvml package is deprecated. Please install nvidia-ml-py instead. If you did not install pynvml directly, please report this to the maintainers of the package that installed pynvml for you.
  import pynvml  # type: ignore[import]
/usr/local/lib/python3.12/dist-packages/torch/cuda/__init__.py:63: FutureWarning: The pynvml package is deprecated. Please install nvidia-ml-py instead. If you did not install pynvml directly, please report this to the maintainers of the package that installed pynvml for you.
  import pynvml  # type: ignore[import]
/usr/local/lib/python3.12/dist-packages/torch/cuda/__init__.py:63: FutureWarning: The pynvml package is deprecated. Please install nvidia-ml-py instead. If you did not install pynvml directly, please report this to the maintainers of the package that installed pynvml for you.
  import pynvml  # type: ignore[import]
/usr/local/lib/python3.12/dist-packages/torch/cuda/__init__.py:63: FutureWarning: The pynvml package is deprecated. Please install nvidia-ml-py instead. If you did not install pynvml directly, please report this to the maintainers of the package that installed pynvml for you.
  import pynvml  # type: ignore[import]
/opt/Megatron-Bridge/3rdparty/Megatron-LM/megatron/core/inference/contexts/kv_block_allocator.py:426: SyntaxWarning: invalid escape sequence '\-'
  """Evict LRU cached blocks to free up space in the pool.
/opt/Megatron-Bridge/3rdparty/Megatron-LM/megatron/core/inference/contexts/kv_block_allocator.py:426: SyntaxWarning: invalid escape sequence '\-'
  """Evict LRU cached blocks to free up space in the pool.
/opt/Megatron-Bridge/3rdparty/Megatron-LM/megatron/core/inference/contexts/kv_block_allocator.py:426: SyntaxWarning: invalid escape sequence '\-'
  """Evict LRU cached blocks to free up space in the pool.
/opt/Megatron-Bridge/3rdparty/Megatron-LM/megatron/core/inference/contexts/kv_block_allocator.py:426: SyntaxWarning: invalid escape sequence '\-'
  """Evict LRU cached blocks to free up space in the pool.
/opt/Megatron-Bridge/3rdparty/Megatron-LM/megatron/core/inference/contexts/kv_block_allocator.py:426: SyntaxWarning: invalid escape sequence '\-'
  """Evict LRU cached blocks to free up space in the pool.
/opt/Megatron-Bridge/3rdparty/Megatron-LM/megatron/core/inference/contexts/kv_block_allocator.py:426: SyntaxWarning: invalid escape sequence '\-'
  """Evict LRU cached blocks to free up space in the pool.
/opt/Megatron-Bridge/3rdparty/Megatron-LM/megatron/core/inference/contexts/kv_block_allocator.py:426: SyntaxWarning: invalid escape sequence '\-'
  """Evict LRU cached blocks to free up space in the pool.
/opt/Megatron-Bridge/3rdparty/Megatron-LM/megatron/core/inference/contexts/kv_block_allocator.py:426: SyntaxWarning: invalid escape sequence '\-'
  """Evict LRU cached blocks to free up space in the pool.
W1004 19:33:42.386000 986 torch/utils/_pytree.py:630] <enum 'KernelPreference'> is an Enum subclass and is now natively supported by torch.compile as an opaque value type. Calling register_constant() on Enum subclasses is deprecated and will be an error in a future release.
W1004 19:33:42.386000 982 torch/utils/_pytree.py:630] <enum 'KernelPreference'> is an Enum subclass and is now natively supported by torch.compile as an opaque value type. Calling register_constant() on Enum subclasses is deprecated and will be an error in a future release.
W1004 19:33:42.401000 988 torch/utils/_pytree.py:630] <enum 'KernelPreference'> is an Enum subclass and is now natively supported by torch.compile as an opaque value type. Calling register_constant() on Enum subclasses is deprecated and will be an error in a future release.
W1004 19:33:42.403000 987 torch/utils/_pytree.py:630] <enum 'KernelPreference'> is an Enum subclass and is now natively supported by torch.compile as an opaque value type. Calling register_constant() on Enum subclasses is deprecated and will be an error in a future release.
W1004 19:33:42.403000 985 torch/utils/_pytree.py:630] <enum 'KernelPreference'> is an Enum subclass and is now natively supported by torch.compile as an opaque value type. Calling register_constant() on Enum subclasses is deprecated and will be an error in a future release.
W1004 19:33:42.404000 983 torch/utils/_pytree.py:630] <enum 'KernelPreference'> is an Enum subclass and is now natively supported by torch.compile as an opaque value type. Calling register_constant() on Enum subclasses is deprecated and will be an error in a future release.
W1004 19:33:42.407000 982 torch/utils/_pytree.py:630] <enum 'ScaleCalculationMode'> is an Enum subclass and is now natively supported by torch.compile as an opaque value type. Calling register_constant() on Enum subclasses is deprecated and will be an error in a future release.
W1004 19:33:42.408000 986 torch/utils/_pytree.py:630] <enum 'ScaleCalculationMode'> is an Enum subclass and is now natively supported by torch.compile as an opaque value type. Calling register_constant() on Enum subclasses is deprecated and will be an error in a future release.
W1004 19:33:42.422000 988 torch/utils/_pytree.py:630] <enum 'ScaleCalculationMode'> is an Enum subclass and is now natively supported by torch.compile as an opaque value type. Calling register_constant() on Enum subclasses is deprecated and will be an error in a future release.
W1004 19:33:42.423000 985 torch/utils/_pytree.py:630] <enum 'ScaleCalculationMode'> is an Enum subclass and is now natively supported by torch.compile as an opaque value type. Calling register_constant() on Enum subclasses is deprecated and will be an error in a future release.
W1004 19:33:42.424000 987 torch/utils/_pytree.py:630] <enum 'ScaleCalculationMode'> is an Enum subclass and is now natively supported by torch.compile as an opaque value type. Calling register_constant() on Enum subclasses is deprecated and will be an error in a future release.
W1004 19:33:42.424000 983 torch/utils/_pytree.py:630] <enum 'ScaleCalculationMode'> is an Enum subclass and is now natively supported by torch.compile as an opaque value type. Calling register_constant() on Enum subclasses is deprecated and will be an error in a future release.
W1004 19:33:42.529000 981 torch/utils/_pytree.py:630] <enum 'KernelPreference'> is an Enum subclass and is now natively supported by torch.compile as an opaque value type. Calling register_constant() on Enum subclasses is deprecated and will be an error in a future release.
W1004 19:33:42.550000 981 torch/utils/_pytree.py:630] <enum 'ScaleCalculationMode'> is an Enum subclass and is now natively supported by torch.compile as an opaque value type. Calling register_constant() on Enum subclasses is deprecated and will be an error in a future release.
W1004 19:33:42.558000 984 torch/utils/_pytree.py:630] <enum 'KernelPreference'> is an Enum subclass and is now natively supported by torch.compile as an opaque value type. Calling register_constant() on Enum subclasses is deprecated and will be an error in a future release.
W1004 19:33:42.578000 984 torch/utils/_pytree.py:630] <enum 'ScaleCalculationMode'> is an Enum subclass and is now natively supported by torch.compile as an opaque value type. Calling register_constant() on Enum subclasses is deprecated and will be an error in a future release.
[WARNING] Field "span" in type "ir.TupleType" duplicates an ancestor field in "ir.Type". Child types should not re-register inherited fields.
[WARNING] Field "span" in type "ir.FuncType" duplicates an ancestor field in "ir.Type". Child types should not re-register inherited fields.
[WARNING] Field "span" in type "ir.TensorMapType" duplicates an ancestor field in "ir.Type". Child types should not re-register inherited fields.
[WARNING] Field "span" in type "ir.TupleType[WARNING] Field "" duplicates an ancestor field in "ir.Type". Child types should not re-register inherited fields.
span" in type "ir.TupleType" duplicates an ancestor field in "ir.Type". Child types should not re-register inherited fields.
[WARNING] Field "span" in type "[WARNING] Field "ir.FuncTypespan" duplicates an ancestor field in "" in type "ir.Typeir.FuncType". Child types should not re-register inherited fields." duplicates an ancestor field in "
ir.Type". Child types should not re-register inherited fields.
[WARNING] Field "span[WARNING] Field "" in type "span" in type "ir.TensorMapTypeir.TensorMapType" duplicates an ancestor field in "" duplicates an ancestor field in "ir.Typeir.Type". Child types should not re-register inherited fields.". Child types should not re-register inherited fields.

[WARNING] Field "[WARNING] Field "[WARNING] Field "[WARNING] Field "[WARNING] Field "spanspanspan" in type "" in type "" in type "spanir.TupleTypeir.TupleTypespanir.TupleType" in type "" duplicates an ancestor field in "" duplicates an ancestor field in "" in type "" duplicates an ancestor field in "ir.TupleTypeir.Type" duplicates an ancestor field in "". Child types should not re-register inherited fields.ir.Type
ir.TupleTypeir.Type" duplicates an ancestor field in "". Child types should not re-register inherited fields.ir.Type". Child types should not re-register inherited fields.ir.Type". Child types should not re-register inherited fields.

". Child types should not re-register inherited fields.[WARNING] Field "

span" in type "ir.FuncType" duplicates an ancestor field in "ir.Type". Child types should not re-register inherited fields.[WARNING] Field "
span[WARNING] Field "" in type "[WARNING] Field "spanspan[WARNING] Field "span[WARNING] Field "" in type "spanir.FuncType" in type "" in type "" in type "ir.FuncTypeir.TensorMapType" duplicates an ancestor field in "" duplicates an ancestor field in "ir.Typeir.Typeir.FuncTypeir.FuncType" duplicates an ancestor field in "" duplicates an ancestor field in "". Child types should not re-register inherited fields.". Child types should not re-register inherited fields." duplicates an ancestor field in "ir.Type
ir.Typeir.Type
". Child types should not re-register inherited fields.". Child types should not re-register inherited fields.". Child types should not re-register inherited fields.[WARNING] Field "


span[WARNING] Field "[WARNING] Field "" in type "span[WARNING] Field "span" in type "ir.TensorMapType" in type "spanir.TensorMapType" duplicates an ancestor field in "ir.TensorMapType" duplicates an ancestor field in "" in type "" duplicates an ancestor field in "ir.Typeir.Typeir.TensorMapTypeir.Type". Child types should not re-register inherited fields." duplicates an ancestor field in "". Child types should not re-register inherited fields.
ir.Type". Child types should not re-register inherited fields.
". Child types should not re-register inherited fields.

[WARNING] Field "[WARNING] Field "[WARNING] Field "binding_blocksbinding_blocks" in type "" in type "binding_blocksscript.ir_builder.relax.FunctionFramescript.ir_builder.relax.FunctionFrame" in type "" duplicates an ancestor field in "script.ir_builder.relax.FunctionFrame" duplicates an ancestor field in "script.ir_builder.relax.SeqExprFramescript.ir_builder.relax.SeqExprFrame" duplicates an ancestor field in "". Child types should not re-register inherited fields.". Child types should not re-register inherited fields.script.ir_builder.relax.SeqExprFrame
". Child types should not re-register inherited fields.

[WARNING] Field "output[WARNING] Field "[WARNING] Field "" in type "outputoutputscript.ir_builder.relax.FunctionFrame" duplicates an ancestor field in "" in type "" in type "script.ir_builder.relax.SeqExprFramescript.ir_builder.relax.FunctionFramescript.ir_builder.relax.FunctionFrame". Child types should not re-register inherited fields.
" duplicates an ancestor field in "" duplicates an ancestor field in "script.ir_builder.relax.SeqExprFramescript.ir_builder.relax.SeqExprFrame". Child types should not re-register inherited fields.". Child types should not re-register inherited fields.

[WARNING] Field "binding_blocks" in type "script.ir_builder.relax.FunctionFrame" duplicates an ancestor field in "script.ir_builder.relax.SeqExprFrame". Child types should not re-register inherited fields.[WARNING] Field "
[WARNING] Field "binding_blocks[WARNING] Field "binding_blocks" in type "output" in type "[WARNING] Field "" in type "script.ir_builder.relax.FunctionFramescript.ir_builder.relax.FunctionFrame[WARNING] Field "" duplicates an ancestor field in "" duplicates an ancestor field in "binding_blocksscript.ir_builder.relax.SeqExprFramescript.ir_builder.relax.FunctionFramescript.ir_builder.relax.SeqExprFramebinding_blocks" in type "". Child types should not re-register inherited fields.". Child types should not re-register inherited fields." duplicates an ancestor field in "script.ir_builder.relax.SeqExprFrame". Child types should not re-register inherited fields.script.ir_builder.relax.FunctionFrame" in type "


" duplicates an ancestor field in "[WARNING] Field "script.ir_builder.relax.FunctionFrame[WARNING] Field "script.ir_builder.relax.SeqExprFrameoutput". Child types should not re-register inherited fields.
" duplicates an ancestor field in "output" in type "script.ir_builder.relax.SeqExprFrame[WARNING] Field "". Child types should not re-register inherited fields." in type "script.ir_builder.relax.FunctionFramescript.ir_builder.relax.FunctionFrame" duplicates an ancestor field in "output
" in type "" duplicates an ancestor field in "script.ir_builder.relax.SeqExprFrame[WARNING] Field "". Child types should not re-register inherited fields.output
script.ir_builder.relax.FunctionFrame" in type "script.ir_builder.relax.SeqExprFrame". Child types should not re-register inherited fields." duplicates an ancestor field in "script.ir_builder.relax.FunctionFrame
script.ir_builder.relax.SeqExprFrame" duplicates an ancestor field in "". Child types should not re-register inherited fields.script.ir_builder.relax.SeqExprFrame
". Child types should not re-register inherited fields.
/opt/venv/lib/python3.12/site-packages/tvm_ffi/registry.py:85: UserWarning: Field 'span' in 'ir.TupleType' duplicates an ancestor field. Child types should not re-register inherited fields.
  info = core._register_object_by_index(type_index, cls)
/opt/venv/lib/python3.12/site-packages/tvm_ffi/registry.py:85: UserWarning: Field 'span' in 'ir.TupleType' duplicates an ancestor field. Child types should not re-register inherited fields.
  info = core._register_object_by_index(type_index, cls)
/opt/venv/lib/python3.12/site-packages/tvm_ffi/registry.py:85: UserWarning: Field 'span' in 'ir.FuncType' duplicates an ancestor field. Child types should not re-register inherited fields.
  info = core._register_object_by_index(type_index, cls)
/opt/venv/lib/python3.12/site-packages/tvm_ffi/registry.py:85: UserWarning: Field 'span' in 'ir.TupleType' duplicates an ancestor field. Child types should not re-register inherited fields.
  info = core._register_object_by_index(type_index, cls)
/opt/venv/lib/python3.12/site-packages/tvm_ffi/registry.py:85: UserWarning: Field 'span' in 'ir.TensorMapType' duplicates an ancestor field. Child types should not re-register inherited fields.
  info = core._register_object_by_index(type_index, cls)
/opt/venv/lib/python3.12/site-packages/tvm_ffi/registry.py:85: UserWarning: Field 'span' in 'ir.FuncType' duplicates an ancestor field. Child types should not re-register inherited fields.
  info = core._register_object_by_index(type_index, cls)
/opt/venv/lib/python3.12/site-packages/tvm_ffi/registry.py:85: UserWarning: Field 'span' in 'ir.FuncType' duplicates an ancestor field. Child types should not re-register inherited fields.
  info = core._register_object_by_index(type_index, cls)
/opt/venv/lib/python3.12/site-packages/tvm_ffi/registry.py:85: UserWarning: Field 'span' in 'ir.TensorMapType' duplicates an ancestor field. Child types should not re-register inherited fields.
  info = core._register_object_by_index(type_index, cls)
/opt/venv/lib/python3.12/site-packages/tvm_ffi/registry.py:85: UserWarning: Field 'span' in 'ir.TensorMapType' duplicates an ancestor field. Child types should not re-register inherited fields.
  info = core._register_object_by_index(type_index, cls)
/opt/venv/lib/python3.12/site-packages/tvm_ffi/registry.py:85: UserWarning: Field 'span' in 'ir.TupleType' duplicates an ancestor field. Child types should not re-register inherited fields.
  info = core._register_object_by_index(type_index, cls)
/opt/venv/lib/python3.12/site-packages/tvm_ffi/registry.py:85: UserWarning: Field 'span' in 'ir.TupleType' duplicates an ancestor field. Child types should not re-register inherited fields.
  info = core._register_object_by_index(type_index, cls)
/opt/venv/lib/python3.12/site-packages/tvm_ffi/registry.py:85: UserWarning: Field 'span' in 'ir.FuncType' duplicates an ancestor field. Child types should not re-register inherited fields.
  info = core._register_object_by_index(type_index, cls)
/opt/venv/lib/python3.12/site-packages/tvm_ffi/registry.py:85: UserWarning: Field 'span' in 'ir.TensorMapType' duplicates an ancestor field. Child types should not re-register inherited fields.
  info = core._register_object_by_index(type_index, cls)
/opt/venv/lib/python3.12/site-packages/tvm_ffi/registry.py:85: UserWarning: Field 'span' in 'ir.FuncType' duplicates an ancestor field. Child types should not re-register inherited fields.
  info = core._register_object_by_index(type_index, cls)
/opt/venv/lib/python3.12/site-packages/tvm_ffi/registry.py:85: UserWarning: Field 'span' in 'ir.TensorMapType' duplicates an ancestor field. Child types should not re-register inherited fields.
  info = core._register_object_by_index(type_index, cls)
/opt/venv/lib/python3.12/site-packages/tvm_ffi/registry.py:85: UserWarning: Field 'span' in 'ir.TupleType' duplicates an ancestor field. Child types should not re-register inherited fields.
  info = core._register_object_by_index(type_index, cls)
/opt/venv/lib/python3.12/site-packages/tvm_ffi/registry.py:85: UserWarning: Field 'span' in 'ir.FuncType' duplicates an ancestor field. Child types should not re-register inherited fields.
  info = core._register_object_by_index(type_index, cls)
/opt/venv/lib/python3.12/site-packages/tvm_ffi/registry.py:85: UserWarning: Field 'span' in 'ir.TupleType' duplicates an ancestor field. Child types should not re-register inherited fields.
  info = core._register_object_by_index(type_index, cls)
/opt/venv/lib/python3.12/site-packages/tvm_ffi/registry.py:85: UserWarning: Field 'span' in 'ir.TensorMapType' duplicates an ancestor field. Child types should not re-register inherited fields.
  info = core._register_object_by_index(type_index, cls)
/opt/venv/lib/python3.12/site-packages/tvm_ffi/registry.py:85: UserWarning: Field 'span' in 'ir.FuncType' duplicates an ancestor field. Child types should not re-register inherited fields.
  info = core._register_object_by_index(type_index, cls)
/opt/venv/lib/python3.12/site-packages/tvm_ffi/registry.py:85: UserWarning: Field 'span' in 'ir.TupleType' duplicates an ancestor field. Child types should not re-register inherited fields.
  info = core._register_object_by_index(type_index, cls)
/opt/venv/lib/python3.12/site-packages/tvm_ffi/registry.py:85: UserWarning: Field 'span' in 'ir.TensorMapType' duplicates an ancestor field. Child types should not re-register inherited fields.
  info = core._register_object_by_index(type_index, cls)
/opt/venv/lib/python3.12/site-packages/tvm_ffi/registry.py:85: UserWarning: Field 'span' in 'ir.FuncType' duplicates an ancestor field. Child types should not re-register inherited fields.
  info = core._register_object_by_index(type_index, cls)
/opt/venv/lib/python3.12/site-packages/tvm_ffi/registry.py:85: UserWarning: Field 'span' in 'ir.TensorMapType' duplicates an ancestor field. Child types should not re-register inherited fields.
  info = core._register_object_by_index(type_index, cls)
/opt/venv/lib/python3.12/site-packages/tvm_ffi/registry.py:85: UserWarning: Field 'name' in 'relax.TEPlaceholderOp' duplicates an ancestor field. Child types should not re-register inherited fields.
  info = core._register_object_by_index(type_index, cls)
/opt/venv/lib/python3.12/site-packages/tvm_ffi/registry.py:85: UserWarning: Field 'name' in 'relax.TEPlaceholderOp' duplicates an ancestor field. Child types should not re-register inherited fields.
  info = core._register_object_by_index(type_index, cls)
/opt/venv/lib/python3.12/site-packages/tvm_ffi/registry.py:85: UserWarning: Field 'tag' in 'relax.TEPlaceholderOp' duplicates an ancestor field. Child types should not re-register inherited fields.
  info = core._register_object_by_index(type_index, cls)
/opt/venv/lib/python3.12/site-packages/tvm_ffi/registry.py:85: UserWarning: Field 'attrs' in 'relax.TEPlaceholderOp' duplicates an ancestor field. Child types should not re-register inherited fields.
  info = core._register_object_by_index(type_index, cls)
/opt/venv/lib/python3.12/site-packages/tvm_ffi/registry.py:85: UserWarning: Field 'shape' in 'relax.TEPlaceholderOp' duplicates an ancestor field. Child types should not re-register inherited fields.
  info = core._register_object_by_index(type_index, cls)
/opt/venv/lib/python3.12/site-packages/tvm_ffi/registry.py:85: UserWarning: Field 'dtype' in 'relax.TEPlaceholderOp' duplicates an ancestor field. Child types should not re-register inherited fields.
  info = core._register_object_by_index(type_index, cls)
/opt/venv/lib/python3.12/site-packages/tvm_ffi/registry.py:85: UserWarning: Field 'tag' in 'relax.TEPlaceholderOp' duplicates an ancestor field. Child types should not re-register inherited fields.
  info = core._register_object_by_index(type_index, cls)
/opt/venv/lib/python3.12/site-packages/tvm_ffi/registry.py:85: UserWarning: Field 'name' in 'relax.TEPlaceholderOp' duplicates an ancestor field. Child types should not re-register inherited fields.
  info = core._register_object_by_index(type_index, cls)
/opt/venv/lib/python3.12/site-packages/tvm_ffi/registry.py:85: UserWarning: Field 'attrs' in 'relax.TEPlaceholderOp' duplicates an ancestor field. Child types should not re-register inherited fields.
  info = core._register_object_by_index(type_index, cls)
/opt/venv/lib/python3.12/site-packages/tvm_ffi/registry.py:85: UserWarning: Field 'shape' in 'relax.TEPlaceholderOp' duplicates an ancestor field. Child types should not re-register inherited fields.
  info = core._register_object_by_index(type_index, cls)
/opt/venv/lib/python3.12/site-packages/tvm_ffi/registry.py:85: UserWarning: Field 'dtype' in 'relax.TEPlaceholderOp' duplicates an ancestor field. Child types should not re-register inherited fields.
  info = core._register_object_by_index(type_index, cls)
/opt/venv/lib/python3.12/site-packages/tvm_ffi/registry.py:85: UserWarning: Field 'tag' in 'relax.TEPlaceholderOp' duplicates an ancestor field. Child types should not re-register inherited fields.
  info = core._register_object_by_index(type_index, cls)
/opt/venv/lib/python3.12/site-packages/tvm_ffi/registry.py:85: UserWarning: Field 'name' in 'relax.TEPlaceholderOp' duplicates an ancestor field. Child types should not re-register inherited fields.
  info = core._register_object_by_index(type_index, cls)
/opt/venv/lib/python3.12/site-packages/tvm_ffi/registry.py:85: UserWarning: Field 'attrs' in 'relax.TEPlaceholderOp' duplicates an ancestor field. Child types should not re-register inherited fields.
  info = core._register_object_by_index(type_index, cls)
/opt/venv/lib/python3.12/site-packages/tvm_ffi/registry.py:85: UserWarning: Field 'shape' in 'relax.TEPlaceholderOp' duplicates an ancestor field. Child types should not re-register inherited fields.
  info = core._register_object_by_index(type_index, cls)
/opt/venv/lib/python3.12/site-packages/tvm_ffi/registry.py:85: UserWarning: Field 'dtype' in 'relax.TEPlaceholderOp' duplicates an ancestor field. Child types should not re-register inherited fields.
  info = core._register_object_by_index(type_index, cls)
/opt/venv/lib/python3.12/site-packages/tvm_ffi/registry.py:85: UserWarning: Field 'tag' in 'relax.TEPlaceholderOp' duplicates an ancestor field. Child types should not re-register inherited fields.
  info = core._register_object_by_index(type_index, cls)
/opt/venv/lib/python3.12/site-packages/tvm_ffi/registry.py:85: UserWarning: Field 'name' in 'relax.TEPlaceholderOp' duplicates an ancestor field. Child types should not re-register inherited fields.
  info = core._register_object_by_index(type_index, cls)
/opt/venv/lib/python3.12/site-packages/tvm_ffi/registry.py:85: UserWarning: Field 'attrs' in 'relax.TEPlaceholderOp' duplicates an ancestor field. Child types should not re-register inherited fields.
  info = core._register_object_by_index(type_index, cls)
/opt/venv/lib/python3.12/site-packages/tvm_ffi/registry.py:85: UserWarning: Field 'shape' in 'relax.TEPlaceholderOp' duplicates an ancestor field. Child types should not re-register inherited fields.
  info = core._register_object_by_index(type_index, cls)
/opt/venv/lib/python3.12/site-packages/tvm_ffi/registry.py:85: UserWarning: Field 'dtype' in 'relax.TEPlaceholderOp' duplicates an ancestor field. Child types should not re-register inherited fields.
  info = core._register_object_by_index(type_index, cls)
/opt/venv/lib/python3.12/site-packages/tvm_ffi/registry.py:85: UserWarning: Field 'tag' in 'relax.TEPlaceholderOp' duplicates an ancestor field. Child types should not re-register inherited fields.
  info = core._register_object_by_index(type_index, cls)
/opt/venv/lib/python3.12/site-packages/tvm_ffi/registry.py:85: UserWarning: Field 'attrs' in 'relax.TEPlaceholderOp' duplicates an ancestor field. Child types should not re-register inherited fields.
  info = core._register_object_by_index(type_index, cls)
/opt/venv/lib/python3.12/site-packages/tvm_ffi/registry.py:85: UserWarning: Field 'shape' in 'relax.TEPlaceholderOp' duplicates an ancestor field. Child types should not re-register inherited fields.
  info = core._register_object_by_index(type_index, cls)
/opt/venv/lib/python3.12/site-packages/tvm_ffi/registry.py:85: UserWarning: Field 'dtype' in 'relax.TEPlaceholderOp' duplicates an ancestor field. Child types should not re-register inherited fields.
  info = core._register_object_by_index(type_index, cls)
/opt/venv/lib/python3.12/site-packages/tvm_ffi/registry.py:85: UserWarning: Field 'name' in 'relax.TEPlaceholderOp' duplicates an ancestor field. Child types should not re-register inherited fields.
  info = core._register_object_by_index(type_index, cls)
/opt/venv/lib/python3.12/site-packages/tvm_ffi/registry.py:85: UserWarning: Field 'tag' in 'relax.TEPlaceholderOp' duplicates an ancestor field. Child types should not re-register inherited fields.
  info = core._register_object_by_index(type_index, cls)
/opt/venv/lib/python3.12/site-packages/tvm_ffi/registry.py:85: UserWarning: Field 'attrs' in 'relax.TEPlaceholderOp' duplicates an ancestor field. Child types should not re-register inherited fields.
  info = core._register_object_by_index(type_index, cls)
/opt/venv/lib/python3.12/site-packages/tvm_ffi/registry.py:85: UserWarning: Field 'shape' in 'relax.TEPlaceholderOp' duplicates an ancestor field. Child types should not re-register inherited fields.
  info = core._register_object_by_index(type_index, cls)
/opt/venv/lib/python3.12/site-packages/tvm_ffi/registry.py:85: UserWarning: Field 'dtype' in 'relax.TEPlaceholderOp' duplicates an ancestor field. Child types should not re-register inherited fields.
  info = core._register_object_by_index(type_index, cls)
/opt/venv/lib/python3.12/site-packages/tvm_ffi/registry.py:85: UserWarning: Field 'name' in 'relax.TEPlaceholderOp' duplicates an ancestor field. Child types should not re-register inherited fields.
  info = core._register_object_by_index(type_index, cls)
/opt/venv/lib/python3.12/site-packages/tvm_ffi/registry.py:85: UserWarning: Field 'tag' in 'relax.TEPlaceholderOp' duplicates an ancestor field. Child types should not re-register inherited fields.
  info = core._register_object_by_index(type_index, cls)
/opt/venv/lib/python3.12/site-packages/tvm_ffi/registry.py:85: UserWarning: Field 'attrs' in 'relax.TEPlaceholderOp' duplicates an ancestor field. Child types should not re-register inherited fields.
  info = core._register_object_by_index(type_index, cls)
/opt/venv/lib/python3.12/site-packages/tvm_ffi/registry.py:85: UserWarning: Field 'name' in 'relax.TEPlaceholderOp' duplicates an ancestor field. Child types should not re-register inherited fields.
  info = core._register_object_by_index(type_index, cls)
/opt/venv/lib/python3.12/site-packages/tvm_ffi/registry.py:85: UserWarning: Field 'shape' in 'relax.TEPlaceholderOp' duplicates an ancestor field. Child types should not re-register inherited fields.
  info = core._register_object_by_index(type_index, cls)
/opt/venv/lib/python3.12/site-packages/tvm_ffi/registry.py:85: UserWarning: Field 'dtype' in 'relax.TEPlaceholderOp' duplicates an ancestor field. Child types should not re-register inherited fields.
  info = core._register_object_by_index(type_index, cls)
/opt/venv/lib/python3.12/site-packages/tvm_ffi/registry.py:85: UserWarning: Field 'tag' in 'relax.TEPlaceholderOp' duplicates an ancestor field. Child types should not re-register inherited fields.
  info = core._register_object_by_index(type_index, cls)
/opt/venv/lib/python3.12/site-packages/tvm_ffi/registry.py:85: UserWarning: Field 'attrs' in 'relax.TEPlaceholderOp' duplicates an ancestor field. Child types should not re-register inherited fields.
  info = core._register_object_by_index(type_index, cls)
/opt/venv/lib/python3.12/site-packages/tvm_ffi/registry.py:85: UserWarning: Field 'shape' in 'relax.TEPlaceholderOp' duplicates an ancestor field. Child types should not re-register inherited fields.
  info = core._register_object_by_index(type_index, cls)
/opt/venv/lib/python3.12/site-packages/tvm_ffi/registry.py:85: UserWarning: Field 'dtype' in 'relax.TEPlaceholderOp' duplicates an ancestor field. Child types should not re-register inherited fields.
  info = core._register_object_by_index(type_index, cls)
[WARNING] Field "policy_type" in type "tl.GemmSPWarpPolicy" duplicates an ancestor field in "tl.GemmWarpPolicy". Child types should not re-register inherited fields.
[WARNING] Field "m_warp" in type "tl.GemmSPWarpPolicy" duplicates an ancestor field in "tl.GemmWarpPolicy". Child types should not re-register inherited fields.
[WARNING] Field "n_warp" in type "tl.GemmSPWarpPolicy" duplicates an ancestor field in "tl.GemmWarpPolicy". Child types should not re-register inherited fields.
[WARNING] Field "policy_type[WARNING] Field "" in type "tl.GemmSPWarpPolicy" duplicates an ancestor field in "tl.GemmWarpPolicypolicy_type". Child types should not re-register inherited fields." in type "
tl.GemmSPWarpPolicy" duplicates an ancestor field in "tl.GemmWarpPolicy". Child types should not re-register inherited fields.[WARNING] Field "
m_warp" in type "tl.GemmSPWarpPolicy[WARNING] Field "" duplicates an ancestor field in "m_warptl.GemmWarpPolicy" in type "". Child types should not re-register inherited fields.tl.GemmSPWarpPolicy
[WARNING] Field "" duplicates an ancestor field in "n_warptl.GemmWarpPolicy" in type "". Child types should not re-register inherited fields.
tl.GemmSPWarpPolicy[WARNING] Field "" duplicates an ancestor field in "tl.GemmWarpPolicyn_warp". Child types should not re-register inherited fields." in type "
tl.GemmSPWarpPolicy" duplicates an ancestor field in "tl.GemmWarpPolicy". Child types should not re-register inherited fields.
[WARNING] Field "[WARNING] Field "[WARNING] Field "policy_type" in type "tl.GemmSPWarpPolicypolicy_type" duplicates an ancestor field in "" in type "policy_typetl.GemmWarpPolicytl.GemmSPWarpPolicy" in type "". Child types should not re-register inherited fields.tl.GemmSPWarpPolicy" duplicates an ancestor field in "
" duplicates an ancestor field in "tl.GemmWarpPolicytl.GemmWarpPolicy[WARNING] Field "". Child types should not re-register inherited fields.m_warp". Child types should not re-register inherited fields.

" in type "[WARNING] Field "tl.GemmSPWarpPolicym_warp" duplicates an ancestor field in "[WARNING] Field "" in type "m_warptl.GemmSPWarpPolicytl.GemmWarpPolicy" in type "". Child types should not re-register inherited fields." duplicates an ancestor field in "tl.GemmWarpPolicy
tl.GemmSPWarpPolicy". Child types should not re-register inherited fields." duplicates an ancestor field in "
[WARNING] Field "[WARNING] Field "tl.GemmWarpPolicyn_warp". Child types should not re-register inherited fields.n_warp" in type "
tl.GemmSPWarpPolicy" in type "" duplicates an ancestor field in "tl.GemmSPWarpPolicy[WARNING] Field "tl.GemmWarpPolicy" duplicates an ancestor field in "". Child types should not re-register inherited fields.n_warptl.GemmWarpPolicy
" in type "". Child types should not re-register inherited fields.tl.GemmSPWarpPolicy
" duplicates an ancestor field in "tl.GemmWarpPolicy". Child types should not re-register inherited fields.
[WARNING] Field "policy_type" in type "tl.GemmSPWarpPolicy" duplicates an ancestor field in "tl.GemmWarpPolicy". Child types should not re-register inherited fields.
[WARNING] Field "m_warp" in type "tl.GemmSPWarpPolicy" duplicates an ancestor field in "tl.GemmWarpPolicy". Child types should not re-register inherited fields.
[WARNING] Field "n_warp" in type "tl.GemmSPWarpPolicy" duplicates an ancestor field in "tl.GemmWarpPolicy". Child types should not re-register inherited fields.
[WARNING] Field "policy_type" in type "tl.GemmSPWarpPolicy" duplicates an ancestor field in "tl.GemmWarpPolicy". Child types should not re-register inherited fields.
[WARNING] Field "m_warp" in type "tl.GemmSPWarpPolicy" duplicates an ancestor field in "tl.GemmWarpPolicy". Child types should not re-register inherited fields.
[WARNING] Field "n_warp" in type "tl.GemmSPWarpPolicy" duplicates an ancestor field in "tl.GemmWarpPolicy". Child types should not re-register inherited fields.
/opt/venv/lib/python3.12/site-packages/tvm_ffi/registry.py:85: UserWarning: Field 'policy_type' in 'tl.GemmSPWarpPolicy' duplicates an ancestor field. Child types should not re-register inherited fields.
  info = core._register_object_by_index(type_index, cls)
/opt/venv/lib/python3.12/site-packages/tvm_ffi/registry.py:85: UserWarning: Field 'm_warp' in 'tl.GemmSPWarpPolicy' duplicates an ancestor field. Child types should not re-register inherited fields.
  info = core._register_object_by_index(type_index, cls)
/opt/venv/lib/python3.12/site-packages/tvm_ffi/registry.py:85: UserWarning: Field 'n_warp' in 'tl.GemmSPWarpPolicy' duplicates an ancestor field. Child types should not re-register inherited fields.
  info = core._register_object_by_index(type_index, cls)
/opt/venv/lib/python3.12/site-packages/tvm_ffi/registry.py:85: UserWarning: Field 'policy_type' in 'tl.GemmSPWarpPolicy' duplicates an ancestor field. Child types should not re-register inherited fields.
  info = core._register_object_by_index(type_index, cls)
/opt/venv/lib/python3.12/site-packages/tvm_ffi/registry.py:85: UserWarning: Field 'm_warp' in 'tl.GemmSPWarpPolicy' duplicates an ancestor field. Child types should not re-register inherited fields.
  info = core._register_object_by_index(type_index, cls)
/opt/venv/lib/python3.12/site-packages/tvm_ffi/registry.py:85: UserWarning: Field 'n_warp' in 'tl.GemmSPWarpPolicy' duplicates an ancestor field. Child types should not re-register inherited fields.
  info = core._register_object_by_index(type_index, cls)
/opt/venv/lib/python3.12/site-packages/tvm_ffi/registry.py:85: UserWarning: Field 'policy_type' in 'tl.GemmSPWarpPolicy' duplicates an ancestor field. Child types should not re-register inherited fields.
  info = core._register_object_by_index(type_index, cls)
/opt/venv/lib/python3.12/site-packages/tvm_ffi/registry.py:85: UserWarning: Field 'm_warp' in 'tl.GemmSPWarpPolicy' duplicates an ancestor field. Child types should not re-register inherited fields.
  info = core._register_object_by_index(type_index, cls)
/opt/venv/lib/python3.12/site-packages/tvm_ffi/registry.py:85: UserWarning: Field 'n_warp' in 'tl.GemmSPWarpPolicy' duplicates an ancestor field. Child types should not re-register inherited fields.
  info = core._register_object_by_index(type_index, cls)
/opt/venv/lib/python3.12/site-packages/tvm_ffi/registry.py:85: UserWarning: Field 'policy_type' in 'tl.GemmSPWarpPolicy' duplicates an ancestor field. Child types should not re-register inherited fields.
  info = core._register_object_by_index(type_index, cls)
/opt/venv/lib/python3.12/site-packages/tvm_ffi/registry.py:85: UserWarning: Field 'm_warp' in 'tl.GemmSPWarpPolicy' duplicates an ancestor field. Child types should not re-register inherited fields.
  info = core._register_object_by_index(type_index, cls)
/opt/venv/lib/python3.12/site-packages/tvm_ffi/registry.py:85: UserWarning: Field 'n_warp' in 'tl.GemmSPWarpPolicy' duplicates an ancestor field. Child types should not re-register inherited fields.
  info = core._register_object_by_index(type_index, cls)
/opt/venv/lib/python3.12/site-packages/tvm_ffi/registry.py:85: UserWarning: Field 'policy_type' in 'tl.GemmSPWarpPolicy' duplicates an ancestor field. Child types should not re-register inherited fields.
  info = core._register_object_by_index(type_index, cls)
/opt/venv/lib/python3.12/site-packages/tvm_ffi/registry.py:85: UserWarning: Field 'm_warp' in 'tl.GemmSPWarpPolicy' duplicates an ancestor field. Child types should not re-register inherited fields.
  info = core._register_object_by_index(type_index, cls)
/opt/venv/lib/python3.12/site-packages/tvm_ffi/registry.py:85: UserWarning: Field 'n_warp' in 'tl.GemmSPWarpPolicy' duplicates an ancestor field. Child types should not re-register inherited fields.
  info = core._register_object_by_index(type_index, cls)
/opt/venv/lib/python3.12/site-packages/tvm_ffi/registry.py:85: UserWarning: Field 'policy_type' in 'tl.GemmSPWarpPolicy' duplicates an ancestor field. Child types should not re-register inherited fields.
  info = core._register_object_by_index(type_index, cls)
/opt/venv/lib/python3.12/site-packages/tvm_ffi/registry.py:85: UserWarning: Field 'm_warp' in 'tl.GemmSPWarpPolicy' duplicates an ancestor field. Child types should not re-register inherited fields.
  info = core._register_object_by_index(type_index, cls)
/opt/venv/lib/python3.12/site-packages/tvm_ffi/registry.py:85: UserWarning: Field 'n_warp' in 'tl.GemmSPWarpPolicy' duplicates an ancestor field. Child types should not re-register inherited fields.
  info = core._register_object_by_index(type_index, cls)
/opt/venv/lib/python3.12/site-packages/tvm_ffi/registry.py:85: UserWarning: Field 'policy_type' in 'tl.GemmSPWarpPolicy' duplicates an ancestor field. Child types should not re-register inherited fields.
  info = core._register_object_by_index(type_index, cls)
/opt/venv/lib/python3.12/site-packages/tvm_ffi/registry.py:85: UserWarning: Field 'm_warp' in 'tl.GemmSPWarpPolicy' duplicates an ancestor field. Child types should not re-register inherited fields.
  info = core._register_object_by_index(type_index, cls)
/opt/venv/lib/python3.12/site-packages/tvm_ffi/registry.py:85: UserWarning: Field 'n_warp' in 'tl.GemmSPWarpPolicy' duplicates an ancestor field. Child types should not re-register inherited fields.
  info = core._register_object_by_index(type_index, cls)
/opt/venv/lib/python3.12/site-packages/tvm_ffi/registry.py:85: UserWarning: Field 'policy_type' in 'tl.GemmSPWarpPolicy' duplicates an ancestor field. Child types should not re-register inherited fields.
  info = core._register_object_by_index(type_index, cls)
/opt/venv/lib/python3.12/site-packages/tvm_ffi/registry.py:85: UserWarning: Field 'm_warp' in 'tl.GemmSPWarpPolicy' duplicates an ancestor field. Child types should not re-register inherited fields.
  info = core._register_object_by_index(type_index, cls)
/opt/venv/lib/python3.12/site-packages/tvm_ffi/registry.py:85: UserWarning: Field 'n_warp' in 'tl.GemmSPWarpPolicy' duplicates an ancestor field. Child types should not re-register inherited fields.
  info = core._register_object_by_index(type_index, cls)
Unable to import `torchao` Tensor objects. This may affect loading checkpoints serialized with `torchao`
Unable to import `torchao` Tensor objects. This may affect loading checkpoints serialized with `torchao`
Unable to import `torchao` Tensor objects. This may affect loading checkpoints serialized with `torchao`
Unable to import `torchao` Tensor objects. This may affect loading checkpoints serialized with `torchao`
Unable to import `torchao` Tensor objects. This may affect loading checkpoints serialized with `torchao`
Unable to import `torchao` Tensor objects. This may affect loading checkpoints serialized with `torchao`
Unable to import `torchao` Tensor objects. This may affect loading checkpoints serialized with `torchao`
Unable to import `torchao` Tensor objects. This may affect loading checkpoints serialized with `torchao`
ERROR 10-04 19:33:56 [config.py:29] Failed to import Triton kernels. Please make sure your triton version is compatible. Error: No module named 'triton_kernels.matmul_ogs'
ERROR 10-04 19:33:56 [config.py:29] Failed to import Triton kernels. Please make sure your triton version is compatible. Error: No module named 'triton_kernels.matmul_ogs'
ERROR 10-04 19:33:56 [config.py:29] Failed to import Triton kernels. Please make sure your triton version is compatible. Error: No module named 'triton_kernels.matmul_ogs'
ERROR 10-04 19:33:56 [config.py:29] Failed to import Triton kernels. Please make sure your triton version is compatible. Error: No module named 'triton_kernels.matmul_ogs'
ERROR 10-04 19:33:56 [config.py:29] Failed to import Triton kernels. Please make sure your triton version is compatible. Error: No module named 'triton_kernels.matmul_ogs'
ERROR 10-04 19:33:56 [config.py:29] Failed to import Triton kernels. Please make sure your triton version is compatible. Error: No module named 'triton_kernels.matmul_ogs'
ERROR 10-04 19:33:56 [config.py:29] Failed to import Triton kernels. Please make sure your triton version is compatible. Error: No module named 'triton_kernels.matmul_ogs'
ERROR 10-04 19:33:56 [config.py:29] Failed to import Triton kernels. Please make sure your triton version is compatible. Error: No module named 'triton_kernels.matmul_ogs'
/opt/Megatron-Bridge/3rdparty/Megatron-LM/megatron/core/models/mimo/config/base_configs.py:12: UserWarning: MimoModelConfig is experimental and still under active development. The API may change without notice in future releases.
  class MimoModelConfig:
/opt/Megatron-Bridge/3rdparty/Megatron-LM/megatron/core/models/mimo/config/base_configs.py:12: UserWarning: MimoModelConfig is experimental and still under active development. The API may change without notice in future releases.
  class MimoModelConfig:
/opt/Megatron-Bridge/3rdparty/Megatron-LM/megatron/core/models/mimo/config/base_configs.py:12: UserWarning: MimoModelConfig is experimental and still under active development. The API may change without notice in future releases.
  class MimoModelConfig:
/opt/Megatron-Bridge/3rdparty/Megatron-LM/megatron/core/models/mimo/config/base_configs.py:12: UserWarning: MimoModelConfig is experimental and still under active development. The API may change without notice in future releases.
  class MimoModelConfig:
/opt/Megatron-Bridge/3rdparty/Megatron-LM/megatron/core/models/mimo/config/base_configs.py:12: UserWarning: MimoModelConfig is experimental and still under active development. The API may change without notice in future releases.
  class MimoModelConfig:
/opt/Megatron-Bridge/3rdparty/Megatron-LM/megatron/core/models/mimo/config/base_configs.py:12: UserWarning: MimoModelConfig is experimental and still under active development. The API may change without notice in future releases.
  class MimoModelConfig:
/opt/Megatron-Bridge/3rdparty/Megatron-LM/megatron/core/models/mimo/config/base_configs.py:12: UserWarning: MimoModelConfig is experimental and still under active development. The API may change without notice in future releases.
  class MimoModelConfig:
/opt/Megatron-Bridge/3rdparty/Megatron-LM/megatron/core/models/mimo/config/base_configs.py:12: UserWarning: MimoModelConfig is experimental and still under active development. The API may change without notice in future releases.
  class MimoModelConfig:
[transformers] `torch_dtype` is deprecated! Use `dtype` instead!
Warning: You are sending unauthenticated requests to the HF Hub. Please set a HF_TOKEN to enable higher rate limits and faster downloads.
WARNING:huggingface_hub.utils._http:Warning: You are sending unauthenticated requests to the HF Hub. Please set a HF_TOKEN to enable higher rate limits and faster downloads.
[transformers] `torch_dtype` is deprecated! Use `dtype` instead!
Warning: You are sending unauthenticated requests to the HF Hub. Please set a HF_TOKEN to enable higher rate limits and faster downloads.
WARNING:huggingface_hub.utils._http:Warning: You are sending unauthenticated requests to the HF Hub. Please set a HF_TOKEN to enable higher rate limits and faster downloads.
[transformers] `torch_dtype` is deprecated! Use `dtype` instead!
Warning: You are sending unauthenticated requests to the HF Hub. Please set a HF_TOKEN to enable higher rate limits and faster downloads.
WARNING:huggingface_hub.utils._http:Warning: You are sending unauthenticated requests to the HF Hub. Please set a HF_TOKEN to enable higher rate limits and faster downloads.
[transformers] `torch_dtype` is deprecated! Use `dtype` instead!
Warning: You are sending unauthenticated requests to the HF Hub. Please set a HF_TOKEN to enable higher rate limits and faster downloads.
WARNING:huggingface_hub.utils._http:Warning: You are sending unauthenticated requests to the HF Hub. Please set a HF_TOKEN to enable higher rate limits and faster downloads.
[transformers] `torch_dtype` is deprecated! Use `dtype` instead!
Warning: You are sending unauthenticated requests to the HF Hub. Please set a HF_TOKEN to enable higher rate limits and faster downloads.
WARNING:huggingface_hub.utils._http:Warning: You are sending unauthenticated requests to the HF Hub. Please set a HF_TOKEN to enable higher rate limits and faster downloads.
[transformers] `torch_dtype` is deprecated! Use `dtype` instead!
_target_: megatron.bridge.training.config.ConfigContainer
checkpoint:
  _target_: megatron.bridge.training.config.CheckpointConfig
  also_save_hf_checkpoint: false
  async_ckpt_cpu_priority: 10
  async_ckpt_io_priority: 3
  async_ckpt_use_cpu_shm: false
  async_save: false
  async_strategy: mcore
  async_write_results_mp_mode: fork
  auto_detect_ckpt_format: false
  ckpt_assume_constant_structure: false
  ckpt_convert_format: null
  ckpt_convert_save: null
  ckpt_convert_update_legacy_dist_opt_format: false
  ckpt_format: torch_dist
  ckpt_fully_parallel_load_exchange_algo: broadcast
  ckpt_fully_parallel_load_process_group: dp
  ckpt_fully_parallel_save_process_group: dp
  ckpt_load_validate_sharding_integrity: true
  ckpt_step: null
  custom_manager_class: null
  dist_ckpt_optim_fully_reshardable: false
  dist_ckpt_save_pre_mcore_014: false
  dist_ckpt_strictness: assume_ok_unexpected
  dist_ckpt_workers: 1
  distrib_optim_fully_reshardable_mem_efficient: false
  exit_on_missing_checkpoint: false
  finetune: false
  fully_parallel_load: false
  fully_parallel_save: true
  hf_distributed_save: false
  hf_save_every_n_ranks: 1
  hf_source_path: null
  hf_trust_remote_code: false
  load: /opt/Megatron-Bridge/nemo_experiments/default/checkpoints
  load_main_params_from_ckpt: false
  load_optim: true
  load_rng: true
  most_recent_k: -1
  non_persistent_ckpt_type: null
  non_persistent_global_ckpt_dir: null
  non_persistent_local_ckpt_algo: fully_parallel
  non_persistent_local_ckpt_dir: null
  non_persistent_save_interval: null
  pretrained_checkpoint: /workspace/std/Qwen3.5-4B
  replication: false
  replication_factor: 2
  replication_jump: null
  save: null
  save_activations_interval: null
  save_dgrads_interval: null
  save_interval: 500
  save_optim: true
  save_params_interval: null
  save_retain_interval: null
  save_rng: true
  save_tokenizer_assets: true
  save_tokens_per_expert_interval: null
  save_wgrads_interval: null
  storage_writers_per_rank: 1
  stream_ckpt_dequant: true
  strict_fsdp_dtensor_load: false
  use_checkpoint_args: false
  use_mp_args_from_checkpoint_args: false
  use_persistent_ckpt_worker: true
  use_tokenizer_model_from_checkpoint_args: true
  verify_integrity: false
comm_overlap: null
dataset:
  _target_: megatron.bridge.data.builders.direct_hf_sft.DirectHFSFTDatasetConfig
  data_sharding: true
  dataloader_load: null
  dataloader_save: null
  dataloader_type: single
  defer_in_batch_packing_to_step: true
  do_test: true
  do_validation: true
  drop_last: true
  enable_in_batch_packing: false
  hf_processor_path: Qwen/Qwen3.5-4B
  in_batch_packing_pad_to_multiple_of: 1
  num_workers: 2
  pad_to_max_length: false
  pad_to_multiple_of: 128
  persistent_workers: false
  pin_memory: true
  preprocessing:
    _target_: megatron.bridge.data.sft_processing.ChatSFTPreprocessingConfig
    loss_mode: assistant
  seq_length: 2048
  skip_getting_attention_mask_from_dataset: true
  source:
    _target_: megatron.bridge.data.sources.hf.HFDatasetSourceConfig
    adapter_kwargs: null
    dataset_name: cord_v2
    load_kwargs: null
    path_or_dataset: null
    schema_adapter: null
    split: null
    subset: null
  test_source: null
  trust_remote_code: null
  validation_source: null
ddp:
  _target_: megatron.core.distributed.distributed_data_parallel_config.DistributedDataParallelConfig
  align_param_gather: false
  average_in_collective: false
  bucket_size: null
  check_for_large_grads: false
  check_for_nan_in_grad: true
  data_parallel_sharding_strategy: optim_grads_params
  delay_wgrad_compute: false
  disable_symmetric_registration: false
  fp4_param_gather: false
  fp8_param_gather: false
  fsdp_all_gather_in_start_param_sync: true
  fsdp_db_use_persist_buf_on_alloc_fail: false
  fsdp_double_buffer: false
  fsdp_manual_registration: false
  grad_reduce_in_fp32: true
  gradient_reduce_div_fusion: true
  keep_fp8_transpose_cache: false
  megatron_fsdp_cuda_graph_mode: false
  megatron_fsdp_enable_fine_grained_param_gather: false
  megatron_fsdp_grad_comm_dtype: null
  megatron_fsdp_main_grads_dtype: null
  megatron_fsdp_main_params_dtype:
    _call_: false
    _target_: torch.float32
  megatron_fsdp_max_pool_double_buffer: false
  megatron_fsdp_use_decoupled_grad: false
  nccl_ub: false
  num_buckets: null
  num_distributed_optimizer_instances: 1
  outer_dp_sharding_strategy: no_shard
  overlap_grad_reduce: false
  overlap_param_gather: false
  pad_buckets_for_high_nccl_busbw: false
  param_name_patterns_for_fp32_local_accumulation: []
  reduce_scatter_with_fp32_accumulation: false
  reuse_grad_buf_for_mxfp8_param_ag: false
  suggested_communication_unit_size: null
  use_custom_fsdp: false
  use_distributed_optimizer: true
  use_megatron_fsdp: false
dist:
  _target_: megatron.bridge.training.config.DistributedInitConfig
  align_grad_reduce: true
  disable_jit_fuser: false
  distributed_backend: nccl
  distributed_timeout_minutes: 10
  distributed_timeout_seconds_after_init: null
  enable_megatron_core_experimental: false
  eval_context_parallel_size: null
  external_gpu_device_mapping: false
  flight_recorder_dump_on_timeout: true
  flight_recorder_dump_path: null
  flight_recorder_extra_dump_on_exec: true
  flight_recorder_include_only_active: true
  flight_recorder_include_stack_trace: false
  flight_recorder_trace_buffer_size: 2000
  high_priority_stream_groups: []
  lazy_mpu_init: false
  local_rank: 0
  nccl_communicator_config_path: null
  sharp_enabled_group: null
  use_decentralized_pg: false
  use_gloo_process_groups: true
  use_megatron_fsdp: false
  use_sharp: false
  use_torch_fsdp2: false
  use_tp_pp_dp_mapping: false
env_vars:
  NCCL_GRAPH_REGISTER: 0
  NCCL_NVLS_ENABLE: 0
  PYTORCH_CUDA_ALLOC_CONF: expandable_segments:True
  TORCH_NCCL_AVOID_RECORD_STREAMS: 1
  TORCH_NCCL_HIGH_PRIORITY: 1
ft: null
inprocess_restart: null
logger:
  _target_: megatron.bridge.training.config.LoggerConfig
  barrier_with_L1_time: true
  comet_api_key: null
  comet_experiment_name: null
  comet_project: null
  comet_tags: null
  comet_workspace: null
  filter_warnings: true
  log_device_memory_used: false
  log_energy: false
  log_interval: 1
  log_l2_norm_grad_to_tensorboard: false
  log_loss_scale_to_tensorboard: true
  log_max_attention_logit: false
  log_memory_interval: null
  log_memory_to_tensorboard: false
  log_num_zeros_in_grad: false
  log_params_norm: false
  log_progress: false
  log_runtime_to_tensorboard: false
  log_throughput: false
  log_throughput_to_tensorboard: false
  log_timers_to_tensorboard: true
  log_validation_ppl_to_tensorboard: false
  log_world_size_to_tensorboard: false
  logging_level: null
  memory_keys: null
  mlflow_description: null
  mlflow_experiment: null
  mlflow_log_artifacts: true
  mlflow_run_name: null
  mlflow_tags: null
  mlflow_tracking_uri: null
  modules_to_filter: null
  moe_routing_trace_capture_hidden_states: false
  moe_routing_trace_capture_logits: false
  moe_routing_trace_dump_weights: false
  moe_routing_trace_max_training_iters: null
  moe_routing_trace_path: null
  runtime_time_unit: hours
  save_config_filepath: null
  set_level_for_all_loggers: false
  skip_train_metrics_log: false
  tensorboard_dir: /opt/Megatron-Bridge/nemo_experiments/default/tb_logs
  tensorboard_log_interval: 1
  tensorboard_queue_size: 1000
  throughput_window_size: 100
  timing_log_level: 0
  timing_log_option: minmax
  wandb_entity: null
  wandb_exp_name: null
  wandb_project: null
  wandb_save_dir: null
mixed_precision: bf16_mixed
model:
  _target_: megatron.bridge.models.qwen_vl.qwen35_vl_provider.Qwen35VLModelProvider
  account_for_embedding_in_pipeline_split: false
  account_for_loss_in_pipeline_split: false
  activation_func:
    _call_: false
    _target_: torch.nn.functional.silu
  activation_func_clamp_value: null
  activation_func_fp8_input_store: false
  activation_offload_fraction: 1.0
  add_bias_linear: false
  add_qkv_bias: false
  apply_query_key_layer_scaling: false
  apply_residual_connection_post_layernorm: false
  apply_rope_fusion: false
  apply_rotary_pos_emb_in_fp32: false
  attention_backend: auto
  attention_dropout: 0.0
  attention_output_gate: true
  attention_softmax_in_fp32: true
  autocast_dtype: null
  barrier_with_L1_time: true
  batch_invariant_mode: false
  batch_p2p_comm: true
  batch_p2p_sync: true
  bf16: true
  bias_activation_fusion: true
  bias_dropout_fusion: false
  bos_token_id: null
  calculate_per_token_loss: true
  clone_scatter_output_in_embedding: true
  config_logger_dir: ''
  context_parallel_size: 1
  cp_comm_type: null
  cpu_offloading: false
  cpu_offloading_activations: true
  cpu_offloading_double_buffering: false
  cpu_offloading_num_layers: 0
  cpu_offloading_retain_pinned_cpu_buffers: false
  cpu_offloading_weights: false
  cross_entropy_fusion_impl: native
  cross_entropy_loss_fusion: true
  cuda_graph_impl: none
  cuda_graph_modules: full
  cuda_graph_retain_backward_graph: false
  cuda_graph_scope: full
  cuda_graph_use_single_mempool: true
  cuda_graph_warmup_steps: 3
  deallocate_pipeline_outputs: true
  defer_embedding_wgrad_compute: false
  delay_offload_until_cuda_graph: false
  delay_wgrad_compute: false
  delta_offload_bytes_across_pp_ranks: 0
  dense_grouped_gemm: false
  deterministic_mode: false
  disable_bf16_reduced_precision_matmul: false
  disable_parameter_transpose_cache: false
  distribute_saved_activations: false
  dsa_indexer_head_dim: null
  dsa_indexer_k_norm_epsilon: null
  dsa_indexer_k_norm_fp32: false
  dsa_indexer_loss_coeff: null
  dsa_indexer_n_heads: null
  dsa_indexer_rope_interleaved: false
  dsa_indexer_rotate_activation: true
  dsa_indexer_scoring_relu: true
  dsa_indexer_skip_topk_offset: 0
  dsa_indexer_topk: null
  dsa_indexer_topk_freq: 1
  dsa_indexer_use_sparse_loss: false
  dsa_kernel_backend: none
  embedding_init_method: null
  embedding_init_method_std: null
  enable_autocast: false
  enable_cuda_graph: false
  eos_token_id: 248044
  ep_overlap_early_attn_memory_release: false
  experimental_attention_variant: gated_delta_net
  experimental_attention_variant_loss_scale_func: null
  expert_gtp_weight_remat_size: 1
  expert_model_parallel_size: 1
  expert_tensor_parallel_num_weight_shards: null
  expert_tensor_parallel_size: null
  external_cuda_graph: false
  ffn_hidden_size: 9216
  finalize_model_grads_func: null
  fine_grained_activation_offloading: false
  fine_grained_offloading_max_inflight_offloads: null
  first_last_layers_bf16: false
  flash_attention_version: null
  flash_decode: false
  fp16: false
  fp16_lm_cross_entropy: false
  fp32_residual_connection: false
  fp4: null
  fp4_param: false
  fp4_quantizer_factory: null
  fp4_recipe: nvfp4
  fp8: null
  fp8_amax_compute_algo: most_recent
  fp8_amax_history_len: 1
  fp8_dot_product_attention: false
  fp8_interval: 1
  fp8_margin: 0
  fp8_multi_head_attention: false
  fp8_output_proj: false
  fp8_param: false
  fp8_quantizer_factory: null
  fp8_recipe: delayed
  fp8_wgrad: true
  freeze_language_model: false
  freeze_vision_model: false
  freeze_vision_projection: false
  fused_residual_rmsnorm: false
  fused_single_qkv_rope: false
  gated_linear_unit: true
  glu_linear_offset: 0.0
  grad_scale_func: null
  grad_sync_func: null
  gradient_accumulation_fusion: true
  gtp_weight_remat_size: 1
  hetereogenous_dist_checkpoint: true
  heterogeneous_block_specs: false
  hf_model_id: Qwen/Qwen3.5-4B
  hf_model_revision: null
  hidden_dropout: 0.0
  hidden_size: 2560
  hierarchical_context_parallel_sizes: null
  high_priority_a2a_comm_stream: false
  hybrid_context_parallel: false
  image_token_id: 248056
  inference_cuda_graph_scope: null
  inference_disable_triton_nvls_kernels: false
  inference_fuse_tp_communication: false
  inference_grouped_gemm_backend: vllm
  inference_moe_disable_fused_quant_kernels: false
  inference_moe_token_dispatcher_type: nvls
  inference_rng_tracker: false
  inference_sampling_seed: 42
  init_method: null
  init_method_std: 0.02
  init_model_with_meta_device: false
  is_hybrid_model: false
  kitchen_attention_backend: sdpa
  kv_channels: 256
  language_max_sequence_length: 2048
  layernorm_epsilon: 1.0e-06
  layernorm_zero_centered_gamma: true
  linear_attention_freq:
  - 1
  - 1
  - 1
  - 0
  - 1
  - 1
  - 1
  - 0
  - 1
  - 1
  - 1
  - 0
  - 1
  - 1
  - 1
  - 0
  - 1
  - 1
  - 1
  - 0
  - 1
  - 1
  - 1
  - 0
  - 1
  - 1
  - 1
  - 0
  - 1
  - 1
  - 1
  - 0
  linear_conv_kernel_dim: 4
  linear_key_head_dim: 128
  linear_num_key_heads: 16
  linear_num_value_heads: 32
  linear_value_head_dim: 128
  log_max_attention_logit: false
  make_vocab_size_divisible_by: 128
  mamba_head_dim: 64
  mamba_num_groups: 8
  mamba_num_heads: null
  mamba_state_dim: 128
  mamba_training_ssm_states_dtype: null
  masked_softmax_fusion: true
  max_seqlen_per_dp_cp_rank: null
  memory_efficient_layer_norm: false
  microbatch_group_size_per_vp_stage: null
  min_offloaded_tensor_size: 1048576
  mlp_chunks_for_prefill: 1
  mlp_chunks_for_training: 1
  moe_apply_probs_on_input: false
  moe_aux_loss_coeff: 0.0
  moe_deepep_num_sms: null
  moe_enable_deepep: false
  moe_enable_routing_replay: false
  moe_expert_capacity_factor: null
  moe_expert_rank_capacity_factor: null
  moe_ffn_hidden_size: null
  moe_flex_dispatcher_backend: deepep
  moe_flex_dispatcher_num_sms: null
  moe_grad_scale_func: null
  moe_grouped_gemm: false
  moe_hybridep_num_blocks_permute: null
  moe_hybridep_num_blocks_unpermute: null
  moe_hybridep_num_sms: null
  moe_hybridep_num_sms_preprocessing: 108
  moe_hybridep_pad_uneven_dispatch_inputs: false
  moe_input_jitter_eps: null
  moe_latent_size: null
  moe_layer_freq: 1
  moe_layer_recompute: false
  moe_mlp_glu_interleave_size: null
  moe_ncclep_static_shape: false
  moe_ncclep_zero_copy: false
  moe_pad_expert_input_to_capacity: false
  moe_pad_experts_for_cuda_graph_inference: false
  moe_paged_stash: false
  moe_paged_stash_buffer_size_factor_cpu: 0.0
  moe_paged_stash_buffer_size_factor_cuda: 1.1
  moe_paged_stash_page_size: 64
  moe_per_layer_logging: false
  moe_permute_fusion: false
  moe_permute_fusion_into_hybridep: false
  moe_router_bias_update_rate: 0.001
  moe_router_dtype: null
  moe_router_enable_expert_bias: false
  moe_router_force_biased: null
  moe_router_force_load_balancing: false
  moe_router_fusion: false
  moe_router_group_topk: null
  moe_router_load_balancing_type: aux_loss
  moe_router_num_groups: null
  moe_router_padding_for_fp8: false
  moe_router_padding_for_quantization: false
  moe_router_pre_softmax: false
  moe_router_quantile_balancing_ema: 0.0
  moe_router_score_function: softmax
  moe_router_topk: 2
  moe_router_topk_limited_devices: null
  moe_router_topk_scaling_factor: null
  moe_shared_expert_gate: false
  moe_shared_expert_glu_interleave_size: null
  moe_shared_expert_intermediate_size: null
  moe_shared_expert_overlap: false
  moe_single_grouped_bias: false
  moe_single_grouped_weight: false
  moe_token_dispatcher_type: allgather
  moe_token_drop_policy: probs
  moe_token_dropping: false
  moe_z_loss_coeff: null
  mrope_section:
  - 11
  - 11
  - 10
  mtp_detach_heads: false
  mtp_enabled: false
  mtp_grad_scale_func: null
  mtp_hybrid_override_pattern: null
  mtp_loss_scaling_factor: 0.1
  mtp_num_layers: null
  mtp_standalone: false
  mtp_use_repeated_layer: false
  multi_latent_attention: false
  mup_attn_scale_power: 1.0
  mup_base_head_dim: null
  mup_base_hidden_size: null
  mup_embedding_mult: 1.0
  mup_output_mult: 1.0
  mup_width_mult: 1.0
  nccl_all_reduce_for_prefill: false
  no_rope_freq: null
  no_sync_func: null
  normalization: RMSNorm
  num_attention_heads: 16
  num_layers: 32
  num_layers_at_end_in_bf16: 1
  num_layers_at_start_in_bf16: 1
  num_layers_in_first_pipeline_stage: null
  num_layers_in_last_pipeline_stage: null
  num_microbatches_with_partial_activation_checkpoints: null
  num_moe_experts: null
  num_query_groups: 4
  offload_modules: null
  output_layer_init_method: null
  overlap_dispatch_backward_with_experts_wgrad: false
  overlap_moe_expert_parallel_comm: false
  overlap_p2p_comm: false
  overlap_p2p_comm_warmup_flush: false
  parallel_output: true
  param_sync_func: null
  params_dtype:
    _call_: false
    _target_: torch.bfloat16
  patch_size: 16
  perform_initialization: true
  persist_layer_norm: false
  pipeline_dtype: null
  pipeline_model_parallel_comm_backend: null
  pipeline_model_parallel_layout: null
  pipeline_model_parallel_size: 2
  position_embedding_type: mrope
  qk_clip: false
  qk_clip_alpha: 0.5
  qk_clip_threshold: 100
  qk_l2_norm: false
  qk_layernorm: true
  quant_recipe: null
  recompute_granularity: null
  recompute_method: null
  recompute_modules: null
  recompute_num_layers: null
  restore_modelopt_state: false
  rope_scaling: false
  rope_scaling_factor: 1.0
  rotary_base: 10000000
  rotary_interleaved: false
  rotary_percent: 0.25
  rotary_scaling_factor: null
  scatter_embedding_sequence_parallel: false
  seq_len_interpolation_factor: null
  seq_length: 2048
  sequence_parallel: false
  share_embeddings_and_output_weights: true
  should_pad_vocab: false
  softmax_scale: null
  softmax_type: vanilla
  spatial_merge_size: 2
  symmetric_ar_type: null
  temporal_patch_size: 2
  tensor_model_parallel_size: 4
  tensor_parallel_num_weight_shards: null
  test_mode: false
  timers: null
  tp_comm_atomic_ag: false
  tp_comm_atomic_rs: false
  tp_comm_bootstrap_backend: nccl
  tp_comm_bulk_dgrad: true
  tp_comm_bulk_wgrad: true
  tp_comm_overlap: false
  tp_comm_overlap_ag: true
  tp_comm_overlap_cfg: null
  tp_comm_overlap_disable_fc1: false
  tp_comm_overlap_disable_qkv: false
  tp_comm_overlap_rs: true
  tp_comm_overlap_rs_dgrad: false
  tp_comm_split_ag: true
  tp_comm_split_rs: true
  tp_only_amax_red: false
  transformer_impl: transformer_engine
  transformer_layer_spec:
    _call_: false
    _target_: megatron.core.models.gpt.experimental_attention_variant_module_specs.get_transformer_block_with_experimental_attention_variant_spec
  use_arbitrary_attention_mask: null
  use_cpu_initialization: false
  use_fused_weighted_squared_relu: false
  use_grouped_gemm_for_dense_mlp: false
  use_grouped_gemm_for_shared_expert: false
  use_hf_vision_model: false
  use_inference_optimized_layers: false
  use_kitchen: false
  use_kitchen_attention: false
  use_mamba_mem_eff_path: true
  use_mup: false
  use_ring_exchange_p2p: false
  use_te_activation_func: false
  use_te_rng_tracker: false
  use_transformer_engine_full_layer_spec: false
  use_transformer_engine_op_fuser: false
  variable_seq_lengths: false
  video_token_id: 248057
  virtual_pipeline_model_parallel_size: null
  vision_config:
    _target_: transformers.models.qwen3_5.configuration_qwen3_5.Qwen3_5VisionConfig
    architectures: null
    chunk_size_feed_forward: 0
    deepstack_visual_indexes: []
    depth: 24
    dtype:
      _call_: false
      _target_: torch.bfloat16
    hidden_act: gelu_pytorch_tanh
    hidden_size: 1024
    id2label:
      0: LABEL_0
      1: LABEL_1
    in_channels: 3
    initializer_range: 0.02
    intermediate_size: 4096
    is_encoder_decoder: false
    label2id:
      LABEL_0: 0
      LABEL_1: 1
    model_type: qwen3_5_vision
    num_heads: 16
    num_position_embeddings: 2304
    out_hidden_size: 2560
    output_hidden_states: false
    patch_size: 16
    problem_type: null
    return_dict: true
    spatial_merge_size: 2
    temporal_patch_size: 2
    transformers_version: 5.12.1
  vision_dp_when_cp: false
  vision_end_token_id: 248054
  vision_start_token_id: 248053
  vocab_size: 248320
  wgrad_deferral_limit: 0
  window_attn_skip_freq: null
  window_size: null
  yarn_beta_fast: null
  yarn_beta_slow: null
  yarn_correction_range_round_to_int: null
  yarn_mscale: null
  yarn_mscale_all_dim: null
  yarn_original_max_position_embeddings: null
  yarn_rotary_scaling_factor: null
nvrx_straggler: null
optimizer:
  _target_: megatron.bridge.training.config.OptimizerConfig
  adam_beta1: 0.9
  adam_beta2: 0.95
  adam_eps: 1.0e-08
  adaptive_muon_beta2: 0.95
  adaptive_muon_eps: 1.0e-08
  adaptive_muon_moment2_method: adamuon
  apply_wd_to_qk_layernorm: false
  barrier_with_L1_time: false
  bf16: true
  clip_grad: 0.0
  config_logger_dir: ''
  decoupled_lr: null
  decoupled_min_lr: null
  decoupled_weight_decay: true
  exp_avg_dtype:
    _call_: false
    _target_: torch.float32
  exp_avg_sq_dtype:
    _call_: false
    _target_: torch.float32
  fp16: false
  fp8_recipe: null
  grad_norm_skip_threshold: .inf
  hysteresis: 2
  initial_loss_scale: 4294967296
  lion_beta1: 0.95
  lion_beta2: 0.98
  log_num_zeros_in_grad: false
  loss_scale: null
  loss_scale_window: 1000
  lr: 1.0e-05
  main_grads_dtype:
    _call_: false
    _target_: torch.float32
  main_params_dtype:
    _call_: false
    _target_: torch.float32
  min_loss_scale: 1.0
  min_lr: 1.0e-05
  muon_coefficient_type: quintic
  muon_extra_scale_factor: 1.0
  muon_fp32_matmul_prec: medium
  muon_momentum: 0.95
  muon_nesterov: false
  muon_num_ns_steps: 5
  muon_scalar_optimizer: adam
  muon_scale_mode: spectral
  muon_split_qkv: true
  muon_tp_mode: blockwise
  optimizer: adam
  optimizer_cpu_offload: false
  optimizer_cuda_graph: false
  optimizer_offload_fraction: 0.0
  overlap_cpu_optimizer_d2h_h2d: false
  overlap_param_gather: false
  overlap_param_gather_with_optimizer_step: false
  params_dtype:
    _call_: false
    _target_: torch.float32
  pin_cpu_grads: true
  pin_cpu_params: true
  reuse_grad_buf_for_mxfp8_param_ag: false
  sgd_momentum: 0.9
  soap_precondition_frequency: 1
  soap_shampoo_beta: 0.95
  soap_use_kl_shampoo: true
  store_param_remainders: true
  timers: null
  use_distributed_optimizer: true
  use_layer_wise_distributed_optimizer: false
  use_precision_aware_optimizer: false
  use_torch_optimizer_for_cpu_offload: false
  weight_decay: 0.0
optimizer_config_override_provider:
  _target_: megatron.bridge.training.config.OptimizerConfigOverrideProvider
peft: null
profiling:
  _target_: megatron.bridge.training.config.ProfilingConfig
  memory_snapshot_path: /nemo_run/snapshot.pickle
  nvtx_ranges: false
  profile_ranks:
  - 0
  profile_step_end: 12
  profile_step_start: 10
  pytorch_profiler_collect_callstack: false
  pytorch_profiler_collect_chakra: false
  pytorch_profiler_collect_shapes: false
  record_memory_history: false
  record_shapes: false
  use_nsys_profiler: false
  use_pytorch_profiler: false
rerun_state_machine:
  _target_: megatron.bridge.training.config.RerunStateMachineConfig
  check_for_nan_in_loss: true
  check_for_spiky_loss: false
  error_injection_rate: 0
  error_injection_type: transient_error
  rerun_mode: disabled
  spiky_loss_factor: 10.0
rng:
  _target_: megatron.training.config.common_config.RNGConfig
  data_parallel_random_init: false
  inference_rng_tracker: false
  seed: 1234
  te_rng_tracker: false
scheduler:
  _target_: megatron.bridge.training.config.SchedulerConfig
  end_weight_decay: 0.0
  lr_decay_iters: 300000
  lr_decay_samples: null
  lr_decay_steps: null
  lr_decay_style: constant
  lr_warmup_fraction: null
  lr_warmup_init: 0.0
  lr_warmup_iters: 0
  lr_warmup_samples: 0
  lr_warmup_steps: null
  lr_wsd_decay_iters: 300000
  lr_wsd_decay_samples: null
  lr_wsd_decay_style: minus_sqrt
  max_steps: null
  no_weight_decay_cond_type: null
  override_opt_param_scheduler: true
  start_weight_decay: 0.0
  use_checkpoint_opt_param_scheduler: false
  wd_incr_steps: null
  weight_decay_incr_style: constant
  wsd_decay_steps: null
straggler: null
tensor_inspect: null
tokenizer:
  _target_: megatron.bridge.training.tokenizers.config.TokenizerConfig
  chat_template: null
  chat_template_path: null
  force_system_message: false
  hf_tokenizer_kwargs: {}
  image_tag_type: null
  make_vocab_size_divisible_by: 1
  merge_file: null
  metadata_path: null
  null_tokenizer_eod_id: null
  null_tokenizer_pad_id: -1
  pad_vocab_size: false
  padded_vocab_size: null
  rank: 0
  sp_tokenizer_kwargs: {}
  special_tokens: null
  tensor_model_parallel_size: 1
  tiktoken_num_special_tokens: 1000
  tiktoken_pattern: null
  tokenizer_hf_no_include_special_tokens: false
  tokenizer_hf_no_use_fast: false
  tokenizer_model: null
  tokenizer_prompt_format: null
  tokenizer_sentencepiece_ignore_extra_whitespaces: true
  tokenizer_sentencepiece_legacy: false
  tokenizer_type: NullTokenizer
  trust_remote_code: false
  use_tokenizer_vocab_size: false
  vocab_extra_ids: 0
  vocab_file: null
  vocab_size: 32000
train:
  _target_: megatron.bridge.training.config.TrainingConfig
  check_optimizer_step_success: true
  check_weight_hash_across_dp_replicas_interval: null
  decrease_batch_size_if_needed: false
  empty_unused_memory_level: 0
  eval_interval: null
  eval_iters: null
  exit_duration_in_mins: null
  exit_interval: null
  exit_signal:
    _args_:
    - 15
    _call_: true
    _name_: SIGTERM
    _target_: signal.Signals
  exit_signal_handler: false
  exit_signal_handler_for_dataloader: false
  exit_signal_handler_for_training: false
  global_batch_size: 64
  gpu_sniff_test_interval: null
  iterations_to_skip: []
  manual_gc: true
  manual_gc_eval: 100
  manual_gc_interval: 100
  micro_batch_size: 1
  num_epochs: null
  rampup_batch_size: null
  skip_sync_grad_norm_across_mp: false
  skip_train: null
  step_batch_size_schedule: null
  train_iters: 50
  train_samples: null
  train_sync_interval: null
validation:
  _target_: megatron.training.config.training_config.ValidationConfig
  eval_global_batch_size: null
  eval_interval: 500
  eval_iters: 0
  eval_micro_batch_size: null
  full_validation: false
  multiple_validation_sets: false
  skip_train: false
  start_eval_at_iter: null
  test_mode: false
  validation_set_names: null

Warning: You are sending unauthenticated requests to the HF Hub. Please set a HF_TOKEN to enable higher rate limits and faster downloads.
WARNING:huggingface_hub.utils._http:Warning: You are sending unauthenticated requests to the HF Hub. Please set a HF_TOKEN to enable higher rate limits and faster downloads.
/opt/Megatron-Bridge/scripts/training/recipe_runner.py:512: UserWarning: Function 'finetune' is experimental. APIs in this module are subject to change without notice.
  train_func(config=config, forward_step_func=step_func)
/opt/Megatron-Bridge/src/megatron/bridge/training/finetune.py:54: UserWarning: Function 'pretrain' is experimental. APIs in this module are subject to change without notice.
  return pretrain(config, forward_step_func, callbacks=callbacks)
[transformers] `torch_dtype` is deprecated! Use `dtype` instead!

======================================================================
Configuration Summary (Non-Default Values vs Megatron Core)
======================================================================

[optimizer] Non-default values (vs Mcore OptimizerConfig):
  adam_beta2: 0.95  (Mcore default: 0.999)
  bf16: True  (Mcore default: False)
  clip_grad: 0.0  (Mcore default: 1.0)
  fp8_recipe: 'tensorwise'  (Mcore default: None)
  lr: 1e-05  (Mcore default: None)
  min_lr: 1e-05  (Mcore default: None)
  params_dtype: torch.bfloat16  (Mcore default: torch.float32)
  use_distributed_optimizer: True  (Mcore default: False)
  weight_decay: 0.0  (Mcore default: 0.01)

[ddp] Non-default values (vs Mcore DistributedDataParallelConfig):
  check_for_nan_in_grad: True  (Mcore default: False)
  data_parallel_sharding_strategy: 'optim_grads_params'  (Mcore default: 'no_shard')
  grad_reduce_in_fp32: True  (Mcore default: False)
  param_name_patterns_for_fp32_local_accumulation: []  (Mcore default: ())
  use_distributed_optimizer: True  (Mcore default: False)

[model] Non-default values (vs Mcore TransformerConfig):
  add_bias_linear: False  (Mcore default: True)
  attention_backend: 'auto'  (Mcore default: <AttnBackend.auto: 5>)
  attention_dropout: 0.0  (Mcore default: 0.1)
  attention_output_gate: True  (Mcore default: False)
  autocast_dtype: torch.bfloat16  (Mcore default: None)
  bf16: True  (Mcore default: False)
  bias_activation_fusion: True  (Mcore default: False)
  calculate_per_token_loss: True  (Mcore default: False)
  cross_entropy_loss_fusion: True  (Mcore default: False)
  cuda_graph_modules: []  (Mcore default: 'full')
  deallocate_pipeline_outputs: True  (Mcore default: False)
  embedding_init_method_std: 0.02  (Mcore default: None)
  experimental_attention_variant: 'gated_delta_net'  (Mcore default: None)
  expert_tensor_parallel_size: 4  (Mcore default: None)
  ffn_hidden_size: 9216  (Mcore default: None)
  fp8_recipe: 'tensorwise'  (Mcore default: 'delayed')
  gated_linear_unit: True  (Mcore default: False)
  gradient_accumulation_fusion: True  (Mcore default: False)
  hetereogenous_dist_checkpoint: True  (Mcore default: False)
  hidden_dropout: 0.0  (Mcore default: 0.1)
  hidden_size: 2560  (Mcore default: 0)
  inference_cuda_graph_scope: <InferenceCudaGraphScope.none: 1>  (Mcore default: None)
  kv_channels: 256  (Mcore default: None)
  layernorm_epsilon: 1e-06  (Mcore default: 1e-05)
  layernorm_zero_centered_gamma: True  (Mcore default: False)
  linear_attention_freq: [1, 1, 1, 0, 1, 1, 1, 0, 1, 1, 1, 0, 1, 1, 1, 0, 1, 1, 1, 0, 1, 1, 1, 0, 1, 1, 1, 0, 1, 1, 1, 0]  (Mcore default: None)
  masked_softmax_fusion: True  (Mcore default: False)
  microbatch_group_size_per_vp_stage: 2  (Mcore default: None)
  mrope_section: [11, 11, 10]  (Mcore default: None)
  normalization: 'RMSNorm'  (Mcore default: 'LayerNorm')
  num_attention_heads: 16  (Mcore default: 0)
  num_layers: 32  (Mcore default: 0)
  num_layers_at_end_in_bf16: 0  (Mcore default: 1)
  num_layers_at_start_in_bf16: 0  (Mcore default: 1)
  num_query_groups: 4  (Mcore default: None)
  offload_modules: None  (Mcore default: [])
  params_dtype: torch.bfloat16  (Mcore default: torch.float32)
  pipeline_dtype: torch.bfloat16  (Mcore default: None)
  pipeline_model_parallel_size: 2  (Mcore default: 1)
  qk_layernorm: True  (Mcore default: False)
  recompute_modules: ['core_attn']  (Mcore default: None)
  tensor_model_parallel_size: 4  (Mcore default: 1)

----------------------------------------------------------------------
Other Configuration Values:
----------------------------------------------------------------------

[train]:
  check_optimizer_step_success: True
  decrease_batch_size_if_needed: False
  empty_unused_memory_level: 0
  exit_signal: <Signals.SIGTERM: 15>
  exit_signal_handler: False
  exit_signal_handler_for_dataloader: False
  exit_signal_handler_for_training: False
  global_batch_size: 64
  iterations_to_skip: []
  manual_gc: True
  manual_gc_eval: 100
  manual_gc_interval: 100
  micro_batch_size: 1
  skip_sync_grad_norm_across_mp: False
  train_iters: 50

[validation]:
  eval_global_batch_size: 64
  eval_interval: 500
  eval_iters: 0
  eval_micro_batch_size: 1
  full_validation: False
  multiple_validation_sets: False
  skip_train: False
  test_mode: False

[scheduler]:
  end_weight_decay: 0.0
  lr_decay_iters: 300000
  lr_decay_steps: 19200000
  lr_decay_style: 'constant'
  lr_warmup_init: 0.0
  lr_warmup_iters: 0
  lr_warmup_samples: 0
  lr_warmup_steps: 0
  lr_wsd_decay_iters: 300000
  lr_wsd_decay_style: 'minus_sqrt'
  override_opt_param_scheduler: True
  start_weight_decay: 0.0
  use_checkpoint_opt_param_scheduler: False
  wd_incr_steps: 3200
  weight_decay_incr_style: 'constant'
  wsd_decay_steps: 19200000

[dataset]:
  data_sharding: True
  dataloader_type: 'single'
  defer_in_batch_packing_to_step: True
  do_test: True
  do_validation: True
  drop_last: True
  enable_in_batch_packing: False
  hf_processor_path: 'Qwen/Qwen3.5-4B'
  in_batch_packing_pad_to_multiple_of: 1
  num_workers: 2
  pad_to_max_length: True
  pad_to_multiple_of: 128
  persistent_workers: False
  pin_memory: True
  preprocessing: ChatSFTPreprocessingConfig(loss_mode='assistant')
  seq_length: 2048
  skip_getting_attention_mask_from_dataset: True
  source: HFDatasetSourceConfig(dataset_name='cord_v2', path_or_dataset=None, split=None, subset=None, load_kwargs=None, schema_adapter=None, adapter_kwargs=None)

[checkpoint]:
  also_save_hf_checkpoint: False
  async_ckpt_cpu_priority: 10
  async_ckpt_io_priority: 3
  async_ckpt_use_cpu_shm: False
  async_save: False
  async_strategy: 'mcore'
  async_write_results_mp_mode: 'fork'
  auto_detect_ckpt_format: False
  ckpt_assume_constant_structure: False
  ckpt_convert_update_legacy_dist_opt_format: False
  ckpt_format: 'torch_dist'
  ckpt_fully_parallel_load_exchange_algo: 'broadcast'
  ckpt_fully_parallel_load_process_group: 'dp'
  ckpt_fully_parallel_save_process_group: 'dp'
  ckpt_load_validate_sharding_integrity: True
  dist_ckpt_optim_fully_reshardable: False
  dist_ckpt_save_pre_mcore_014: False
  dist_ckpt_strictness: 'assume_ok_unexpected'
  dist_ckpt_workers: 1
  distrib_optim_fully_reshardable_mem_efficient: False
  exit_on_missing_checkpoint: False
  finetune: False
  fully_parallel_load: False
  fully_parallel_save: True
  hf_distributed_save: False
  hf_save_every_n_ranks: 1
  hf_trust_remote_code: False
  load: '/opt/Megatron-Bridge/nemo_experiments/default/checkpoints'
  load_main_params_from_ckpt: False
  load_optim: True
  load_rng: True
  most_recent_k: -1
  non_persistent_local_ckpt_algo: 'fully_parallel'
  pretrained_checkpoint: '/workspace/std/Qwen3.5-4B'
  replication: False
  replication_factor: 2
  save_interval: 500
  save_optim: True
  save_rng: True
  save_tokenizer_assets: True
  storage_writers_per_rank: 1
  stream_ckpt_dequant: True
  strict_fsdp_dtensor_load: False
  use_checkpoint_args: False
  use_mp_args_from_checkpoint_args: False
  use_persistent_ckpt_worker: True
  use_tokenizer_model_from_checkpoint_args: True
  verify_integrity: False

[logger]:
  barrier_with_L1_time: True
  filter_warnings: True
  log_device_memory_used: False
  log_energy: False
  log_interval: 1
  log_l2_norm_grad_to_tensorboard: False
  log_loss_scale_to_tensorboard: True
  log_max_attention_logit: False
  log_memory_to_tensorboard: False
  log_num_zeros_in_grad: False
  log_params_norm: False
  log_progress: False
  log_runtime_to_tensorboard: False
  log_throughput: False
  log_throughput_to_tensorboard: False
  log_timers_to_tensorboard: True
  log_validation_ppl_to_tensorboard: False
  log_world_size_to_tensorboard: False
  mlflow_log_artifacts: True
  moe_routing_trace_capture_hidden_states: False
  moe_routing_trace_capture_logits: False
  moe_routing_trace_dump_weights: False
  runtime_time_unit: 'hours'
  set_level_for_all_loggers: False
  skip_train_metrics_log: False
  tensorboard_dir: '/opt/Megatron-Bridge/nemo_experiments/default/tb_logs'
  tensorboard_log_interval: 1
  tensorboard_queue_size: 1000
  throughput_window_size: 100
  timing_log_level: 0
  timing_log_option: 'minmax'

[tokenizer]:
  force_system_message: False
  hf_tokenizer_kwargs: {}
  make_vocab_size_divisible_by: 1
  null_tokenizer_pad_id: -1
  pad_vocab_size: False
  rank: 0
  sp_tokenizer_kwargs: {}
  tensor_model_parallel_size: 1
  tiktoken_num_special_tokens: 1000
  tokenizer_hf_no_include_special_tokens: False
  tokenizer_hf_no_use_fast: False
  tokenizer_sentencepiece_ignore_extra_whitespaces: True
  tokenizer_sentencepiece_legacy: False
  tokenizer_type: 'NullTokenizer'
  trust_remote_code: False
  use_tokenizer_vocab_size: False
  vocab_extra_ids: 0
  vocab_size: 32000

[rng]:
  data_parallel_random_init: False
  inference_rng_tracker: False
  seed: 1234
  te_rng_tracker: False

======================================================================
INFO:megatron.core.num_microbatches_calculator:setting number of microbatches to constant 64
> initializing torch distributed ...
[W1004 19:33:59.359726248 ProcessGroupNCCL.cpp:1001] Warning: TORCH_NCCL_AVOID_RECORD_STREAMS is the default now, this environment variable is thus deprecated. (function operator())
Warning: You are sending unauthenticated requests to the HF Hub. Please set a HF_TOKEN to enable higher rate limits and faster downloads.
WARNING:huggingface_hub.utils._http:Warning: You are sending unauthenticated requests to the HF Hub. Please set a HF_TOKEN to enable higher rate limits and faster downloads.
[W1004 19:33:59.359962310 ProcessGroupNCCL.cpp:1001] Warning: TORCH_NCCL_AVOID_RECORD_STREAMS is the default now, this environment variable is thus deprecated. (function operator())
[W1004 19:33:59.360460734 ProcessGroupNCCL.cpp:1001] Warning: TORCH_NCCL_AVOID_RECORD_STREAMS is the default now, this environment variable is thus deprecated. (function operator())
[transformers] `torch_dtype` is deprecated! Use `dtype` instead!
[W1004 19:33:59.401945929 ProcessGroupNCCL.cpp:1001] Warning: TORCH_NCCL_AVOID_RECORD_STREAMS is the default now, this environment variable is thus deprecated. (function operator())
[W1004 19:33:59.464540827 ProcessGroupNCCL.cpp:1001] Warning: TORCH_NCCL_AVOID_RECORD_STREAMS is the default now, this environment variable is thus deprecated. (function operator())
[W1004 19:34:00.515131608 ProcessGroupNCCL.cpp:1001] Warning: TORCH_NCCL_AVOID_RECORD_STREAMS is the default now, this environment variable is thus deprecated. (function operator())
[W1004 19:34:00.583702450 ProcessGroupNCCL.cpp:1001] Warning: TORCH_NCCL_AVOID_RECORD_STREAMS is the default now, this environment variable is thus deprecated. (function operator())
[W1004 19:34:00.621409313 ProcessGroupNCCL.cpp:1001] Warning: TORCH_NCCL_AVOID_RECORD_STREAMS is the default now, this environment variable is thus deprecated. (function operator())
> initialized tensor model parallel with size 4
> initialized pipeline model parallel with size 2
> setting random seeds to 1234 ...
> compiling dataset index builder ...
make: Entering directory '/opt/Megatron-Bridge/3rdparty/Megatron-LM/megatron/core/datasets'
make: Nothing to be done for 'default'.
make: Leaving directory '/opt/Megatron-Bridge/3rdparty/Megatron-LM/megatron/core/datasets'
>>> done with dataset index builder. Compilation time: 0.029 seconds
/usr/local/lib/python3.12/dist-packages/torch/distributed/c10d_logger.py:83: UserWarning: barrier(): using the device under current context. You can specify `device_id` in `init_process_group` to mute this warning.
  return func(*args, **kwargs)
time to initialize megatron (seconds): 4.613
/usr/local/lib/python3.12/dist-packages/torch/distributed/c10d_logger.py:83: UserWarning: barrier(): using the device under current context. You can specify `device_id` in `init_process_group` to mute this warning.
  return func(*args, **kwargs)
[after megatron is initialized] datetime: 2026-10-04 19:34:04 
/opt/Megatron-Bridge/src/megatron/bridge/utils/common_utils.py:112: UserWarning: `build_tokenizer` is deprecated and will be removed soon. Please, use `megatron.core.tokenizers.utils.build_tokenizer` instead.
  warnings.warn(message)
INFO:root:Using preset vocab_size: 248320 over the tokenizer vocab_size: 32000, dummy tokens: 216320.
INFO:root:Using preset vocab_size: 248320 over the tokenizer vocab_size: 32000, dummy tokens: 216320.
INFO:root:Using preset vocab_size: 248320 over the tokenizer vocab_size: 32000, dummy tokens: 216320.
INFO:root:Using preset vocab_size: 248320 over the tokenizer vocab_size: 32000, dummy tokens: 216320.
INFO:root:Using preset vocab_size: 248320 over the tokenizer vocab_size: 32000, dummy tokens: 216320.
INFO:root:Using preset vocab_size: 248320 over the tokenizer vocab_size: 32000, dummy tokens: 216320.
INFO:root:Using preset vocab_size: 248320 over the tokenizer vocab_size: 32000, dummy tokens: 216320.
INFO:root:Using preset vocab_size: 248320 over the tokenizer vocab_size: 32000, dummy tokens: 216320.
[after tokenizer is built] datetime: 2026-10-04 19:34:04 
/opt/Megatron-Bridge/3rdparty/Megatron-LM/megatron/core/transformer/transformer_config.py:2415: UserWarning: full scope is deprecated. Use empty cuda_graph_modules to capture the whole layer.
  warnings.warn(
/opt/Megatron-Bridge/3rdparty/Megatron-LM/megatron/core/transformer/transformer_config.py:2415: UserWarning: full scope is deprecated. Use empty cuda_graph_modules to capture the whole layer.
  warnings.warn(
/opt/Megatron-Bridge/3rdparty/Megatron-LM/megatron/core/transformer/transformer_config.py:2415: UserWarning: full scope is deprecated. Use empty cuda_graph_modules to capture the whole layer.
  warnings.warn(
/opt/Megatron-Bridge/3rdparty/Megatron-LM/megatron/core/transformer/transformer_config.py:2415: UserWarning: full scope is deprecated. Use empty cuda_graph_modules to capture the whole layer.
  warnings.warn(
/opt/venv/lib/python3.12/site-packages/transformer_engine/pytorch/module/base.py:1616: UserWarning: To guarantee overlapping TP and SP collectives with the backwardGEMMs, set environment variable CUDA_DEVICE_MAX_CONNECTIONS = 1
  warnings.warn(
/opt/venv/lib/python3.12/site-packages/transformer_engine/pytorch/module/base.py:1616: UserWarning: To guarantee overlapping TP and SP collectives with the backwardGEMMs, set environment variable CUDA_DEVICE_MAX_CONNECTIONS = 1
  warnings.warn(
/opt/venv/lib/python3.12/site-packages/transformer_engine/pytorch/module/base.py:1616: UserWarning: To guarantee overlapping TP and SP collectives with the backwardGEMMs, set environment variable CUDA_DEVICE_MAX_CONNECTIONS = 1
  warnings.warn(
/opt/venv/lib/python3.12/site-packages/transformer_engine/pytorch/module/base.py:1616: UserWarning: To guarantee overlapping TP and SP collectives with the backwardGEMMs, set environment variable CUDA_DEVICE_MAX_CONNECTIONS = 1
  warnings.warn(
/opt/venv/lib/python3.12/site-packages/transformer_engine/pytorch/module/base.py:1616: UserWarning: To guarantee overlapping TP and SP collectives with the backwardGEMMs, set environment variable CUDA_DEVICE_MAX_CONNECTIONS = 1
  warnings.warn(
/opt/venv/lib/python3.12/site-packages/transformer_engine/pytorch/module/base.py:1616: UserWarning: To guarantee overlapping TP and SP collectives with the backwardGEMMs, set environment variable CUDA_DEVICE_MAX_CONNECTIONS = 1
  warnings.warn(
/opt/venv/lib/python3.12/site-packages/transformer_engine/pytorch/module/base.py:1616: UserWarning: To guarantee overlapping TP and SP collectives with the backwardGEMMs, set environment variable CUDA_DEVICE_MAX_CONNECTIONS = 1
  warnings.warn(
/opt/venv/lib/python3.12/site-packages/transformer_engine/pytorch/module/base.py:1616: UserWarning: To guarantee overlapping TP and SP collectives with the backwardGEMMs, set environment variable CUDA_DEVICE_MAX_CONNECTIONS = 1
  warnings.warn(
 > number of parameters on (tensor, gtp_remat, pipeline) model parallel rank (0, 0, 1): 605247680
 > number of parameters on (tensor, gtp_remat, pipeline) model parallel rank (0, 0, 0): 691687616
 > number of parameters on (tensor, gtp_remat, pipeline) model parallel rank (2, 0, 1): 605247680
 > number of parameters on (tensor, gtp_remat, pipeline) model parallel rank (3, 0, 1): 605247680
 > number of parameters on (tensor, gtp_remat, pipeline) model parallel rank (1, 0, 1): 605247680
INFO:megatron.core.distributed.param_and_grad_buffer:Number of buckets for gradient all-reduce / reduce-scatter: 2
Params for bucket 1 (158924800 elements, 158924800 padded size, 0 param(s) with extra main_grads):
	module.language_model.output_layer.weight (param.main_grad.dtype=torch.float32)
Params for bucket 2 (446322880 elements, 446324224 padded size, 0 param(s) with extra main_grads):
	module.language_model.decoder.final_layernorm.weight (param.main_grad.dtype=torch.float32)
	module.language_model.decoder.layers.15.mlp.linear_fc2.weight (param.main_grad.dtype=torch.float32)
	module.language_model.decoder.layers.15.mlp.linear_fc1.weight (param.main_grad.dtype=torch.float32)
	module.language_model.decoder.layers.15.mlp.linear_fc1.layer_norm_weight (param.main_grad.dtype=torch.float32)
	module.language_model.decoder.layers.15.self_attention.k_layernorm.weight (param.main_grad.dtype=torch.float32)
	module.language_model.decoder.layers.15.self_attention.q_layernorm.weight (param.main_grad.dtype=torch.float32)
	module.language_model.decoder.layers.15.self_attention.linear_qkv.weight (param.main_grad.dtype=torch.float32)
	module.language_model.decoder.layers.15.self_attention.linear_qkv.layer_norm_weight (param.main_grad.dtype=torch.float32)
	module.language_model.decoder.layers.15.self_attention.linear_proj.weight (param.main_grad.dtype=torch.float32)
	module.language_model.decoder.layers.14.mlp.linear_fc2.weight (param.main_grad.dtype=torch.float32)
	module.language_model.decoder.layers.14.mlp.linear_fc1.weight (param.main_grad.dtype=torch.float32)
	module.language_model.decoder.layers.14.mlp.linear_fc1.layer_norm_weight (param.main_grad.dtype=torch.float32)
	module.language_model.decoder.layers.14.self_attention.out_proj.weight (param.main_grad.dtype=torch.float32)
	module.language_model.decoder.layers.14.self_attention.out_norm.weight (param.main_grad.dtype=torch.float32)
	module.language_model.decoder.layers.14.self_attention.conv1d.weight (param.main_grad.dtype=torch.float32)
	module.language_model.decoder.layers.14.self_attention.in_proj.weight (param.main_grad.dtype=torch.float32)
	module.language_model.decoder.layers.14.self_attention.in_proj.layer_norm_weight (param.main_grad.dtype=torch.float32)
	module.language_model.decoder.layers.14.self_attention.A_log (param.main_grad.dtype=torch.float32)
	module.language_model.decoder.layers.14.self_attention.dt_bias (param.main_grad.dtype=torch.float32)
	module.language_model.decoder.layers.13.mlp.linear_fc2.weight (param.main_grad.dtype=torch.float32)
	module.language_model.decoder.layers.13.mlp.linear_fc1.weight (param.main_grad.dtype=torch.float32)
	module.language_model.decoder.layers.13.mlp.linear_fc1.layer_norm_weight (param.main_grad.dtype=torch.float32)
	module.language_model.decoder.layers.13.self_attention.out_proj.weight (param.main_grad.dtype=torch.float32)
	module.language_model.decoder.layers.13.self_attention.out_norm.weight (param.main_grad.dtype=torch.float32)
	module.language_model.decoder.layers.13.self_attention.conv1d.weight (param.main_grad.dtype=torch.float32)
	module.language_model.decoder.layers.13.self_attention.in_proj.weight (param.main_grad.dtype=torch.float32)
	module.language_model.decoder.layers.13.self_attention.in_proj.layer_norm_weight (param.main_grad.dtype=torch.float32)
	module.language_model.decoder.layers.13.self_attention.A_log (param.main_grad.dtype=torch.float32)
	module.language_model.decoder.layers.13.self_attention.dt_bias (param.main_grad.dtype=torch.float32)
	module.language_model.decoder.layers.12.mlp.linear_fc2.weight (param.main_grad.dtype=torch.float32)
	module.language_model.decoder.layers.12.mlp.linear_fc1.weight (param.main_grad.dtype=torch.float32)
	module.language_model.decoder.layers.12.mlp.linear_fc1.layer_norm_weight (param.main_grad.dtype=torch.float32)
	module.language_model.decoder.layers.12.self_attention.out_proj.weight (param.main_grad.dtype=torch.float32)
	module.language_model.decoder.layers.12.self_attention.out_norm.weight (param.main_grad.dtype=torch.float32)
	module.language_model.decoder.layers.12.self_attention.conv1d.weight (param.main_grad.dtype=torch.float32)
	module.language_model.decoder.layers.12.self_attention.in_proj.weight (param.main_grad.dtype=torch.float32)
	module.language_model.decoder.layers.12.self_attention.in_proj.layer_norm_weight (param.main_grad.dtype=torch.float32)
	module.language_model.decoder.layers.12.self_attention.A_log (param.main_grad.dtype=torch.float32)
	module.language_model.decoder.layers.12.self_attention.dt_bias (param.main_grad.dtype=torch.float32)
	module.language_model.decoder.layers.11.mlp.linear_fc2.weight (param.main_grad.dtype=torch.float32)
	module.language_model.decoder.layers.11.mlp.linear_fc1.weight (param.main_grad.dtype=torch.float32)
	module.language_model.decoder.layers.11.mlp.linear_fc1.layer_norm_weight (param.main_grad.dtype=torch.float32)
	module.language_model.decoder.layers.11.self_attention.k_layernorm.weight (param.main_grad.dtype=torch.float32)
	module.language_model.decoder.layers.11.self_attention.q_layernorm.weight (param.main_grad.dtype=torch.float32)
	module.language_model.decoder.layers.11.self_attention.linear_qkv.weight (param.main_grad.dtype=torch.float32)
	module.language_model.decoder.layers.11.self_attention.linear_qkv.layer_norm_weight (param.main_grad.dtype=torch.float32)
	module.language_model.decoder.layers.11.self_attention.linear_proj.weight (param.main_grad.dtype=torch.float32)
	module.language_model.decoder.layers.10.mlp.linear_fc2.weight (param.main_grad.dtype=torch.float32)
	module.language_model.decoder.layers.10.mlp.linear_fc1.weight (param.main_grad.dtype=torch.float32)
	module.language_model.decoder.layers.10.mlp.linear_fc1.layer_norm_weight (param.main_grad.dtype=torch.float32)
	module.language_model.decoder.layers.10.self_attention.out_proj.weight (param.main_grad.dtype=torch.float32)
	module.language_model.decoder.layers.10.self_attention.out_norm.weight (param.main_grad.dtype=torch.float32)
	module.language_model.decoder.layers.10.self_attention.conv1d.weight (param.main_grad.dtype=torch.float32)
	module.language_model.decoder.layers.10.self_attention.in_proj.weight (param.main_grad.dtype=torch.float32)
	module.language_model.decoder.layers.10.self_attention.in_proj.layer_norm_weight (param.main_grad.dtype=torch.float32)
	module.language_model.decoder.layers.10.self_attention.A_log (param.main_grad.dtype=torch.float32)
	module.language_model.decoder.layers.10.self_attention.dt_bias (param.main_grad.dtype=torch.float32)
	module.language_model.decoder.layers.9.mlp.linear_fc2.weight (param.main_grad.dtype=torch.float32)
	module.language_model.decoder.layers.9.mlp.linear_fc1.weight (param.main_grad.dtype=torch.float32)
	module.language_model.decoder.layers.9.mlp.linear_fc1.layer_norm_weight (param.main_grad.dtype=torch.float32)
	module.language_model.decoder.layers.9.self_attention.out_proj.weight (param.main_grad.dtype=torch.float32)
	module.language_model.decoder.layers.9.self_attention.out_norm.weight (param.main_grad.dtype=torch.float32)
	module.language_model.decoder.layers.9.self_attention.conv1d.weight (param.main_grad.dtype=torch.float32)
	module.language_model.decoder.layers.9.self_attention.in_proj.weight (param.main_grad.dtype=torch.float32)
	module.language_model.decoder.layers.9.self_attention.in_proj.layer_norm_weight (param.main_grad.dtype=torch.float32)
	module.language_model.decoder.layers.9.self_attention.A_log (param.main_grad.dtype=torch.float32)
	module.language_model.decoder.layers.9.self_attention.dt_bias (param.main_grad.dtype=torch.float32)
	module.language_model.decoder.layers.8.mlp.linear_fc2.weight (param.main_grad.dtype=torch.float32)
	module.language_model.decoder.layers.8.mlp.linear_fc1.weight (param.main_grad.dtype=torch.float32)
	module.language_model.decoder.layers.8.mlp.linear_fc1.layer_norm_weight (param.main_grad.dtype=torch.float32)
	module.language_model.decoder.layers.8.self_attention.out_proj.weight (param.main_grad.dtype=torch.float32)
	module.language_model.decoder.layers.8.self_attention.out_norm.weight (param.main_grad.dtype=torch.float32)
	module.language_model.decoder.layers.8.self_attention.conv1d.weight (param.main_grad.dtype=torch.float32)
	module.language_model.decoder.layers.8.self_attention.in_proj.weight (param.main_grad.dtype=torch.float32)
	module.language_model.decoder.layers.8.self_attention.in_proj.layer_norm_weight (param.main_grad.dtype=torch.float32)
	module.language_model.decoder.layers.8.self_attention.A_log (param.main_grad.dtype=torch.float32)
	module.language_model.decoder.layers.8.self_attention.dt_bias (param.main_grad.dtype=torch.float32)
	module.language_model.decoder.layers.7.mlp.linear_fc2.weight (param.main_grad.dtype=torch.float32)
	module.language_model.decoder.layers.7.mlp.linear_fc1.weight (param.main_grad.dtype=torch.float32)
	module.language_model.decoder.layers.7.mlp.linear_fc1.layer_norm_weight (param.main_grad.dtype=torch.float32)
	module.language_model.decoder.layers.7.self_attention.k_layernorm.weight (param.main_grad.dtype=torch.float32)
	module.language_model.decoder.layers.7.self_attention.q_layernorm.weight (param.main_grad.dtype=torch.float32)
	module.language_model.decoder.layers.7.self_attention.linear_qkv.weight (param.main_grad.dtype=torch.float32)
	module.language_model.decoder.layers.7.self_attention.linear_qkv.layer_norm_weight (param.main_grad.dtype=torch.float32)
	module.language_model.decoder.layers.7.self_attention.linear_proj.weight (param.main_grad.dtype=torch.float32)
	module.language_model.decoder.layers.6.mlp.linear_fc2.weight (param.main_grad.dtype=torch.float32)
	module.language_model.decoder.layers.6.mlp.linear_fc1.weight (param.main_grad.dtype=torch.float32)
	module.language_model.decoder.layers.6.mlp.linear_fc1.layer_norm_weight (param.main_grad.dtype=torch.float32)
	module.language_model.decoder.layers.6.self_attention.out_proj.weight (param.main_grad.dtype=torch.float32)
	module.language_model.decoder.layers.6.self_attention.out_norm.weight (param.main_grad.dtype=torch.float32)
	module.language_model.decoder.layers.6.self_attention.conv1d.weight (param.main_grad.dtype=torch.float32)
	module.language_model.decoder.layers.6.self_attention.in_proj.weight (param.main_grad.dtype=torch.float32)
	module.language_model.decoder.layers.6.self_attention.in_proj.layer_norm_weight (param.main_grad.dtype=torch.float32)
	module.language_model.decoder.layers.6.self_attention.A_log (param.main_grad.dtype=torch.float32)
	module.language_model.decoder.layers.6.self_attention.dt_bias (param.main_grad.dtype=torch.float32)
	module.language_model.decoder.layers.5.mlp.linear_fc2.weight (param.main_grad.dtype=torch.float32)
	module.language_model.decoder.layers.5.mlp.linear_fc1.weight (param.main_grad.dtype=torch.float32)
	module.language_model.decoder.layers.5.mlp.linear_fc1.layer_norm_weight (param.main_grad.dtype=torch.float32)
	module.language_model.decoder.layers.5.self_attention.out_proj.weight (param.main_grad.dtype=torch.float32)
	module.language_model.decoder.layers.5.self_attention.out_norm.weight (param.main_grad.dtype=torch.float32)
	module.language_model.decoder.layers.5.self_attention.conv1d.weight (param.main_grad.dtype=torch.float32)
	module.language_model.decoder.layers.5.self_attention.in_proj.weight (param.main_grad.dtype=torch.float32)
	module.language_model.decoder.layers.5.self_attention.in_proj.layer_norm_weight (param.main_grad.dtype=torch.float32)
	module.language_model.decoder.layers.5.self_attention.A_log (param.main_grad.dtype=torch.float32)
	module.language_model.decoder.layers.5.self_attention.dt_bias (param.main_grad.dtype=torch.float32)
	module.language_model.decoder.layers.4.mlp.linear_fc2.weight (param.main_grad.dtype=torch.float32)
	module.language_model.decoder.layers.4.mlp.linear_fc1.weight (param.main_grad.dtype=torch.float32)
	module.language_model.decoder.layers.4.mlp.linear_fc1.layer_norm_weight (param.main_grad.dtype=torch.float32)
	module.language_model.decoder.layers.4.self_attention.out_proj.weight (param.main_grad.dtype=torch.float32)
	module.language_model.decoder.layers.4.self_attention.out_norm.weight (param.main_grad.dtype=torch.float32)
	module.language_model.decoder.layers.4.self_attention.conv1d.weight (param.main_grad.dtype=torch.float32)
	module.language_model.decoder.layers.4.self_attention.in_proj.weight (param.main_grad.dtype=torch.float32)
	module.language_model.decoder.layers.4.self_attention.in_proj.layer_norm_weight (param.main_grad.dtype=torch.float32)
	module.language_model.decoder.layers.4.self_attention.A_log (param.main_grad.dtype=torch.float32)
	module.language_model.decoder.layers.4.self_attention.dt_bias (param.main_grad.dtype=torch.float32)
	module.language_model.decoder.layers.3.mlp.linear_fc2.weight (param.main_grad.dtype=torch.float32)
	module.language_model.decoder.layers.3.mlp.linear_fc1.weight (param.main_grad.dtype=torch.float32)
	module.language_model.decoder.layers.3.mlp.linear_fc1.layer_norm_weight (param.main_grad.dtype=torch.float32)
	module.language_model.decoder.layers.3.self_attention.k_layernorm.weight (param.main_grad.dtype=torch.float32)
	module.language_model.decoder.layers.3.self_attention.q_layernorm.weight (param.main_grad.dtype=torch.float32)
	module.language_model.decoder.layers.3.self_attention.linear_qkv.weight (param.main_grad.dtype=torch.float32)
	module.language_model.decoder.layers.3.self_attention.linear_qkv.layer_norm_weight (param.main_grad.dtype=torch.float32)
	module.language_model.decoder.layers.3.self_attention.linear_proj.weight (param.main_grad.dtype=torch.float32)
	module.language_model.decoder.layers.2.mlp.linear_fc2.weight (param.main_grad.dtype=torch.float32)
	module.language_model.decoder.layers.2.mlp.linear_fc1.weight (param.main_grad.dtype=torch.float32)
	module.language_model.decoder.layers.2.mlp.linear_fc1.layer_norm_weight (param.main_grad.dtype=torch.float32)
	module.language_model.decoder.layers.2.self_attention.out_proj.weight (param.main_grad.dtype=torch.float32)
	module.language_model.decoder.layers.2.self_attention.out_norm.weight (param.main_grad.dtype=torch.float32)
	module.language_model.decoder.layers.2.self_attention.conv1d.weight (param.main_grad.dtype=torch.float32)
	module.language_model.decoder.layers.2.self_attention.in_proj.weight (param.main_grad.dtype=torch.float32)
	module.language_model.decoder.layers.2.self_attention.in_proj.layer_norm_weight (param.main_grad.dtype=torch.float32)
	module.language_model.decoder.layers.2.self_attention.A_log (param.main_grad.dtype=torch.float32)
	module.language_model.decoder.layers.2.self_attention.dt_bias (param.main_grad.dtype=torch.float32)
	module.language_model.decoder.layers.1.mlp.linear_fc2.weight (param.main_grad.dtype=torch.float32)
	module.language_model.decoder.layers.1.mlp.linear_fc1.weight (param.main_grad.dtype=torch.float32)
	module.language_model.decoder.layers.1.mlp.linear_fc1.layer_norm_weight (param.main_grad.dtype=torch.float32)
	module.language_model.decoder.layers.1.self_attention.out_proj.weight (param.main_grad.dtype=torch.float32)
	module.language_model.decoder.layers.1.self_attention.out_norm.weight (param.main_grad.dtype=torch.float32)
	module.language_model.decoder.layers.1.self_attention.conv1d.weight (param.main_grad.dtype=torch.float32)
	module.language_model.decoder.layers.1.self_attention.in_proj.weight (param.main_grad.dtype=torch.float32)
	module.language_model.decoder.layers.1.self_attention.in_proj.layer_norm_weight (param.main_grad.dtype=torch.float32)
	module.language_model.decoder.layers.1.self_attention.A_log (param.main_grad.dtype=torch.float32)
	module.language_model.decoder.layers.1.self_attention.dt_bias (param.main_grad.dtype=torch.float32)
	module.language_model.decoder.layers.0.mlp.linear_fc2.weight (param.main_grad.dtype=torch.float32)
	module.language_model.decoder.layers.0.mlp.linear_fc1.weight (param.main_grad.dtype=torch.float32)
	module.language_model.decoder.layers.0.mlp.linear_fc1.layer_norm_weight (param.main_grad.dtype=torch.float32)
	module.language_model.decoder.layers.0.self_attention.out_proj.weight (param.main_grad.dtype=torch.float32)
	module.language_model.decoder.layers.0.self_attention.out_norm.weight (param.main_grad.dtype=torch.float32)
	module.language_model.decoder.layers.0.self_attention.conv1d.weight (param.main_grad.dtype=torch.float32)
	module.language_model.decoder.layers.0.self_attention.in_proj.weight (param.main_grad.dtype=torch.float32)
	module.language_model.decoder.layers.0.self_attention.in_proj.layer_norm_weight (param.main_grad.dtype=torch.float32)
	module.language_model.decoder.layers.0.self_attention.A_log (param.main_grad.dtype=torch.float32)
	module.language_model.decoder.layers.0.self_attention.dt_bias (param.main_grad.dtype=torch.float32)
 > number of parameters on (tensor, gtp_remat, pipeline) model parallel rank (1, 0, 0): 691687616 > number of parameters on (tensor, gtp_remat, pipeline) model parallel rank (3, 0, 0): 691687616

INFO:megatron.core.distributed.distributed_data_parallel:Setting up DistributedDataParallel with config DistributedDataParallelConfig(grad_reduce_in_fp32=True, overlap_grad_reduce=False, overlap_param_gather=False, align_param_gather=False, use_distributed_optimizer=True, num_distributed_optimizer_instances=1, check_for_nan_in_grad=True, check_for_large_grads=False, bucket_size=None, num_buckets=None, pad_buckets_for_high_nccl_busbw=False, reduce_scatter_with_fp32_accumulation=False, param_name_patterns_for_fp32_local_accumulation=[], average_in_collective=False, fp8_param_gather=False, fp4_param_gather=False, reuse_grad_buf_for_mxfp8_param_ag=False, use_megatron_fsdp=False, use_custom_fsdp=False, data_parallel_sharding_strategy='optim_grads_params', gradient_reduce_div_fusion=True, suggested_communication_unit_size=None, keep_fp8_transpose_cache=False, nccl_ub=False, fsdp_double_buffer=False, fsdp_db_use_persist_buf_on_alloc_fail=False, fsdp_all_gather_in_start_param_sync=True, outer_dp_sharding_strategy='no_shard', disable_symmetric_registration=False, fsdp_manual_registration=False, delay_wgrad_compute=False, megatron_fsdp_main_params_dtype=torch.float32, megatron_fsdp_main_grads_dtype=None, megatron_fsdp_grad_comm_dtype=None, megatron_fsdp_use_decoupled_grad=False, megatron_fsdp_cuda_graph_mode=False, megatron_fsdp_enable_fine_grained_param_gather=False, megatron_fsdp_max_pool_double_buffer=False)
INFO:megatron.core.distributed.param_and_grad_buffer:Number of buckets for gradient all-reduce / reduce-scatter: 3
Params for bucket 1 (446320320 elements, 446321664 padded size, 0 param(s) with extra main_grads):
	module.language_model.decoder.layers.15.mlp.linear_fc2.weight (param.main_grad.dtype=torch.float32)
	module.language_model.decoder.layers.15.mlp.linear_fc1.weight (param.main_grad.dtype=torch.float32)
	module.language_model.decoder.layers.15.mlp.linear_fc1.layer_norm_weight (param.main_grad.dtype=torch.float32)
	module.language_model.decoder.layers.15.self_attention.k_layernorm.weight (param.main_grad.dtype=torch.float32)
	module.language_model.decoder.layers.15.self_attention.q_layernorm.weight (param.main_grad.dtype=torch.float32)
	module.language_model.decoder.layers.15.self_attention.linear_qkv.weight (param.main_grad.dtype=torch.float32)
	module.language_model.decoder.layers.15.self_attention.linear_qkv.layer_norm_weight (param.main_grad.dtype=torch.float32)
	module.language_model.decoder.layers.15.self_attention.linear_proj.weight (param.main_grad.dtype=torch.float32)
	module.language_model.decoder.layers.14.mlp.linear_fc2.weight (param.main_grad.dtype=torch.float32)
	module.language_model.decoder.layers.14.mlp.linear_fc1.weight (param.main_grad.dtype=torch.float32)
	module.language_model.decoder.layers.14.mlp.linear_fc1.layer_norm_weight (param.main_grad.dtype=torch.float32)
	module.language_model.decoder.layers.14.self_attention.out_proj.weight (param.main_grad.dtype=torch.float32)
	module.language_model.decoder.layers.14.self_attention.out_norm.weight (param.main_grad.dtype=torch.float32)
	module.language_model.decoder.layers.14.self_attention.conv1d.weight (param.main_grad.dtype=torch.float32)
	module.language_model.decoder.layers.14.self_attention.in_proj.weight (param.main_grad.dtype=torch.float32)
	module.language_model.decoder.layers.14.self_attention.in_proj.layer_norm_weight (param.main_grad.dtype=torch.float32)
	module.language_model.decoder.layers.14.self_attention.A_log (param.main_grad.dtype=torch.float32)
	module.language_model.decoder.layers.14.self_attention.dt_bias (param.main_grad.dtype=torch.float32)
	module.language_model.decoder.layers.13.mlp.linear_fc2.weight (param.main_grad.dtype=torch.float32)
	module.language_model.decoder.layers.13.mlp.linear_fc1.weight (param.main_grad.dtype=torch.float32)
	module.language_model.decoder.layers.13.mlp.linear_fc1.layer_norm_weight (param.main_grad.dtype=torch.float32)
	module.language_model.decoder.layers.13.self_attention.out_proj.weight (param.main_grad.dtype=torch.float32)
	module.language_model.decoder.layers.13.self_attention.out_norm.weight (param.main_grad.dtype=torch.float32)
	module.language_model.decoder.layers.13.self_attention.conv1d.weight (param.main_grad.dtype=torch.float32)
	module.language_model.decoder.layers.13.self_attention.in_proj.weight (param.main_grad.dtype=torch.float32)
	module.language_model.decoder.layers.13.self_attention.in_proj.layer_norm_weight (param.main_grad.dtype=torch.float32)
	module.language_model.decoder.layers.13.self_attention.A_log (param.main_grad.dtype=torch.float32)
	module.language_model.decoder.layers.13.self_attention.dt_bias (param.main_grad.dtype=torch.float32)
	module.language_model.decoder.layers.12.mlp.linear_fc2.weight (param.main_grad.dtype=torch.float32)
	module.language_model.decoder.layers.12.mlp.linear_fc1.weight (param.main_grad.dtype=torch.float32)
	module.language_model.decoder.layers.12.mlp.linear_fc1.layer_norm_weight (param.main_grad.dtype=torch.float32)
	module.language_model.decoder.layers.12.self_attention.out_proj.weight (param.main_grad.dtype=torch.float32)
	module.language_model.decoder.layers.12.self_attention.out_norm.weight (param.main_grad.dtype=torch.float32)
	module.language_model.decoder.layers.12.self_attention.conv1d.weight (param.main_grad.dtype=torch.float32)
	module.language_model.decoder.layers.12.self_attention.in_proj.weight (param.main_grad.dtype=torch.float32)
	module.language_model.decoder.layers.12.self_attention.in_proj.layer_norm_weight (param.main_grad.dtype=torch.float32)
	module.language_model.decoder.layers.12.self_attention.A_log (param.main_grad.dtype=torch.float32)
	module.language_model.decoder.layers.12.self_attention.dt_bias (param.main_grad.dtype=torch.float32)
	module.language_model.decoder.layers.11.mlp.linear_fc2.weight (param.main_grad.dtype=torch.float32)
	module.language_model.decoder.layers.11.mlp.linear_fc1.weight (param.main_grad.dtype=torch.float32)
	module.language_model.decoder.layers.11.mlp.linear_fc1.layer_norm_weight (param.main_grad.dtype=torch.float32)
	module.language_model.decoder.layers.11.self_attention.k_layernorm.weight (param.main_grad.dtype=torch.float32)
	module.language_model.decoder.layers.11.self_attention.q_layernorm.weight (param.main_grad.dtype=torch.float32)
	module.language_model.decoder.layers.11.self_attention.linear_qkv.weight (param.main_grad.dtype=torch.float32)
	module.language_model.decoder.layers.11.self_attention.linear_qkv.layer_norm_weight (param.main_grad.dtype=torch.float32)
	module.language_model.decoder.layers.11.self_attention.linear_proj.weight (param.main_grad.dtype=torch.float32)
	module.language_model.decoder.layers.10.mlp.linear_fc2.weight (param.main_grad.dtype=torch.float32)
	module.language_model.decoder.layers.10.mlp.linear_fc1.weight (param.main_grad.dtype=torch.float32)
	module.language_model.decoder.layers.10.mlp.linear_fc1.layer_norm_weight (param.main_grad.dtype=torch.float32)
	module.language_model.decoder.layers.10.self_attention.out_proj.weight (param.main_grad.dtype=torch.float32)
	module.language_model.decoder.layers.10.self_attention.out_norm.weight (param.main_grad.dtype=torch.float32)
	module.language_model.decoder.layers.10.self_attention.conv1d.weight (param.main_grad.dtype=torch.float32)
	module.language_model.decoder.layers.10.self_attention.in_proj.weight (param.main_grad.dtype=torch.float32)
	module.language_model.decoder.layers.10.self_attention.in_proj.layer_norm_weight (param.main_grad.dtype=torch.float32)
	module.language_model.decoder.layers.10.self_attention.A_log (param.main_grad.dtype=torch.float32)
	module.language_model.decoder.layers.10.self_attention.dt_bias (param.main_grad.dtype=torch.float32)
	module.language_model.decoder.layers.9.mlp.linear_fc2.weight (param.main_grad.dtype=torch.float32)
	module.language_model.decoder.layers.9.mlp.linear_fc1.weight (param.main_grad.dtype=torch.float32)
	module.language_model.decoder.layers.9.mlp.linear_fc1.layer_norm_weight (param.main_grad.dtype=torch.float32)
	module.language_model.decoder.layers.9.self_attention.out_proj.weight (param.main_grad.dtype=torch.float32)
	module.language_model.decoder.layers.9.self_attention.out_norm.weight (param.main_grad.dtype=torch.float32)
	module.language_model.decoder.layers.9.self_attention.conv1d.weight (param.main_grad.dtype=torch.float32)
	module.language_model.decoder.layers.9.self_attention.in_proj.weight (param.main_grad.dtype=torch.float32)
	module.language_model.decoder.layers.9.self_attention.in_proj.layer_norm_weight (param.main_grad.dtype=torch.float32)
	module.language_model.decoder.layers.9.self_attention.A_log (param.main_grad.dtype=torch.float32)
	module.language_model.decoder.layers.9.self_attention.dt_bias (param.main_grad.dtype=torch.float32)
	module.language_model.decoder.layers.8.mlp.linear_fc2.weight (param.main_grad.dtype=torch.float32)
	module.language_model.decoder.layers.8.mlp.linear_fc1.weight (param.main_grad.dtype=torch.float32)
	module.language_model.decoder.layers.8.mlp.linear_fc1.layer_norm_weight (param.main_grad.dtype=torch.float32)
	module.language_model.decoder.layers.8.self_attention.out_proj.weight (param.main_grad.dtype=torch.float32)
	module.language_model.decoder.layers.8.self_attention.out_norm.weight (param.main_grad.dtype=torch.float32)
	module.language_model.decoder.layers.8.self_attention.conv1d.weight (param.main_grad.dtype=torch.float32)
	module.language_model.decoder.layers.8.self_attention.in_proj.weight (param.main_grad.dtype=torch.float32)
	module.language_model.decoder.layers.8.self_attention.in_proj.layer_norm_weight (param.main_grad.dtype=torch.float32)
	module.language_model.decoder.layers.8.self_attention.A_log (param.main_grad.dtype=torch.float32)
	module.language_model.decoder.layers.8.self_attention.dt_bias (param.main_grad.dtype=torch.float32)
	module.language_model.decoder.layers.7.mlp.linear_fc2.weight (param.main_grad.dtype=torch.float32)
	module.language_model.decoder.layers.7.mlp.linear_fc1.weight (param.main_grad.dtype=torch.float32)
	module.language_model.decoder.layers.7.mlp.linear_fc1.layer_norm_weight (param.main_grad.dtype=torch.float32)
	module.language_model.decoder.layers.7.self_attention.k_layernorm.weight (param.main_grad.dtype=torch.float32)
	module.language_model.decoder.layers.7.self_attention.q_layernorm.weight (param.main_grad.dtype=torch.float32)
	module.language_model.decoder.layers.7.self_attention.linear_qkv.weight (param.main_grad.dtype=torch.float32)
	module.language_model.decoder.layers.7.self_attention.linear_qkv.layer_norm_weight (param.main_grad.dtype=torch.float32)
	module.language_model.decoder.layers.7.self_attention.linear_proj.weight (param.main_grad.dtype=torch.float32)
	module.language_model.decoder.layers.6.mlp.linear_fc2.weight (param.main_grad.dtype=torch.float32)
	module.language_model.decoder.layers.6.mlp.linear_fc1.weight (param.main_grad.dtype=torch.float32)
	module.language_model.decoder.layers.6.mlp.linear_fc1.layer_norm_weight (param.main_grad.dtype=torch.float32)
	module.language_model.decoder.layers.6.self_attention.out_proj.weight (param.main_grad.dtype=torch.float32)
	module.language_model.decoder.layers.6.self_attention.out_norm.weight (param.main_grad.dtype=torch.float32)
	module.language_model.decoder.layers.6.self_attention.conv1d.weight (param.main_grad.dtype=torch.float32)
	module.language_model.decoder.layers.6.self_attention.in_proj.weight (param.main_grad.dtype=torch.float32)
	module.language_model.decoder.layers.6.self_attention.in_proj.layer_norm_weight (param.main_grad.dtype=torch.float32)
	module.language_model.decoder.layers.6.self_attention.A_log (param.main_grad.dtype=torch.float32)
	module.language_model.decoder.layers.6.self_attention.dt_bias (param.main_grad.dtype=torch.float32)
	module.language_model.decoder.layers.5.mlp.linear_fc2.weight (param.main_grad.dtype=torch.float32)
	module.language_model.decoder.layers.5.mlp.linear_fc1.weight (param.main_grad.dtype=torch.float32)
	module.language_model.decoder.layers.5.mlp.linear_fc1.layer_norm_weight (param.main_grad.dtype=torch.float32)
	module.language_model.decoder.layers.5.self_attention.out_proj.weight (param.main_grad.dtype=torch.float32)
	module.language_model.decoder.layers.5.self_attention.out_norm.weight (param.main_grad.dtype=torch.float32)
	module.language_model.decoder.layers.5.self_attention.conv1d.weight (param.main_grad.dtype=torch.float32)
	module.language_model.decoder.layers.5.self_attention.in_proj.weight (param.main_grad.dtype=torch.float32)
	module.language_model.decoder.layers.5.self_attention.in_proj.layer_norm_weight (param.main_grad.dtype=torch.float32)
	module.language_model.decoder.layers.5.self_attention.A_log (param.main_grad.dtype=torch.float32)
	module.language_model.decoder.layers.5.self_attention.dt_bias (param.main_grad.dtype=torch.float32)
	module.language_model.decoder.layers.4.mlp.linear_fc2.weight (param.main_grad.dtype=torch.float32)
	module.language_model.decoder.layers.4.mlp.linear_fc1.weight (param.main_grad.dtype=torch.float32)
	module.language_model.decoder.layers.4.mlp.linear_fc1.layer_norm_weight (param.main_grad.dtype=torch.float32)
	module.language_model.decoder.layers.4.self_attention.out_proj.weight (param.main_grad.dtype=torch.float32)
	module.language_model.decoder.layers.4.self_attention.out_norm.weight (param.main_grad.dtype=torch.float32)
	module.language_model.decoder.layers.4.self_attention.conv1d.weight (param.main_grad.dtype=torch.float32)
	module.language_model.decoder.layers.4.self_attention.in_proj.weight (param.main_grad.dtype=torch.float32)
	module.language_model.decoder.layers.4.self_attention.in_proj.layer_norm_weight (param.main_grad.dtype=torch.float32)
	module.language_model.decoder.layers.4.self_attention.A_log (param.main_grad.dtype=torch.float32)
	module.language_model.decoder.layers.4.self_attention.dt_bias (param.main_grad.dtype=torch.float32)
	module.language_model.decoder.layers.3.mlp.linear_fc2.weight (param.main_grad.dtype=torch.float32)
	module.language_model.decoder.layers.3.mlp.linear_fc1.weight (param.main_grad.dtype=torch.float32)
	module.language_model.decoder.layers.3.mlp.linear_fc1.layer_norm_weight (param.main_grad.dtype=torch.float32)
	module.language_model.decoder.layers.3.self_attention.k_layernorm.weight (param.main_grad.dtype=torch.float32)
	module.language_model.decoder.layers.3.self_attention.q_layernorm.weight (param.main_grad.dtype=torch.float32)
	module.language_model.decoder.layers.3.self_attention.linear_qkv.weight (param.main_grad.dtype=torch.float32)
	module.language_model.decoder.layers.3.self_attention.linear_qkv.layer_norm_weight (param.main_grad.dtype=torch.float32)
	module.language_model.decoder.layers.3.self_attention.linear_proj.weight (param.main_grad.dtype=torch.float32)
	module.language_model.decoder.layers.2.mlp.linear_fc2.weight (param.main_grad.dtype=torch.float32)
	module.language_model.decoder.layers.2.mlp.linear_fc1.weight (param.main_grad.dtype=torch.float32)
	module.language_model.decoder.layers.2.mlp.linear_fc1.layer_norm_weight (param.main_grad.dtype=torch.float32)
	module.language_model.decoder.layers.2.self_attention.out_proj.weight (param.main_grad.dtype=torch.float32)
	module.language_model.decoder.layers.2.self_attention.out_norm.weight (param.main_grad.dtype=torch.float32)
	module.language_model.decoder.layers.2.self_attention.conv1d.weight (param.main_grad.dtype=torch.float32)
	module.language_model.decoder.layers.2.self_attention.in_proj.weight (param.main_grad.dtype=torch.float32)
	module.language_model.decoder.layers.2.self_attention.in_proj.layer_norm_weight (param.main_grad.dtype=torch.float32)
	module.language_model.decoder.layers.2.self_attention.A_log (param.main_grad.dtype=torch.float32)
	module.language_model.decoder.layers.2.self_attention.dt_bias (param.main_grad.dtype=torch.float32)
	module.language_model.decoder.layers.1.mlp.linear_fc2.weight (param.main_grad.dtype=torch.float32)
	module.language_model.decoder.layers.1.mlp.linear_fc1.weight (param.main_grad.dtype=torch.float32)
	module.language_model.decoder.layers.1.mlp.linear_fc1.layer_norm_weight (param.main_grad.dtype=torch.float32)
	module.language_model.decoder.layers.1.self_attention.out_proj.weight (param.main_grad.dtype=torch.float32)
	module.language_model.decoder.layers.1.self_attention.out_norm.weight (param.main_grad.dtype=torch.float32)
	module.language_model.decoder.layers.1.self_attention.conv1d.weight (param.main_grad.dtype=torch.float32)
	module.language_model.decoder.layers.1.self_attention.in_proj.weight (param.main_grad.dtype=torch.float32)
	module.language_model.decoder.layers.1.self_attention.in_proj.layer_norm_weight (param.main_grad.dtype=torch.float32)
	module.language_model.decoder.layers.1.self_attention.A_log (param.main_grad.dtype=torch.float32)
	module.language_model.decoder.layers.1.self_attention.dt_bias (param.main_grad.dtype=torch.float32)
	module.language_model.decoder.layers.0.mlp.linear_fc2.weight (param.main_grad.dtype=torch.float32)
	module.language_model.decoder.layers.0.mlp.linear_fc1.weight (param.main_grad.dtype=torch.float32)
	module.language_model.decoder.layers.0.mlp.linear_fc1.layer_norm_weight (param.main_grad.dtype=torch.float32)
	module.language_model.decoder.layers.0.self_attention.out_proj.weight (param.main_grad.dtype=torch.float32)
	module.language_model.decoder.layers.0.self_attention.out_norm.weight (param.main_grad.dtype=torch.float32)
	module.language_model.decoder.layers.0.self_attention.conv1d.weight (param.main_grad.dtype=torch.float32)
	module.language_model.decoder.layers.0.self_attention.in_proj.weight (param.main_grad.dtype=torch.float32)
	module.language_model.decoder.layers.0.self_attention.in_proj.layer_norm_weight (param.main_grad.dtype=torch.float32)
	module.language_model.decoder.layers.0.self_attention.A_log (param.main_grad.dtype=torch.float32)
	module.language_model.decoder.layers.0.self_attention.dt_bias (param.main_grad.dtype=torch.float32)
Params for bucket 2 (158924800 elements, 158924800 padded size, 0 param(s) with extra main_grads):
	module.language_model.embedding.word_embeddings.weight (param.main_grad.dtype=torch.float32)
Params for bucket 3 (86442496 elements, 86442496 padded size, 0 param(s) with extra main_grads):
	module.vision_model.merger.linear_fc2.bias (param.main_grad.dtype=torch.float32)
	module.vision_model.merger.linear_fc2.weight (param.main_grad.dtype=torch.float32)
	module.vision_model.merger.linear_fc1.bias (param.main_grad.dtype=torch.float32)
	module.vision_model.merger.linear_fc1.weight (param.main_grad.dtype=torch.float32)
	module.vision_model.merger.patch_norm.bias (param.main_grad.dtype=torch.float32)
	module.vision_model.merger.patch_norm.weight (param.main_grad.dtype=torch.float32)
	module.vision_model.decoder.layers.23.mlp.linear_fc2.bias (param.main_grad.dtype=torch.float32)
	module.vision_model.decoder.layers.23.mlp.linear_fc2.weight (param.main_grad.dtype=torch.float32)
	module.vision_model.decoder.layers.23.mlp.linear_fc1.bias (param.main_grad.dtype=torch.float32)
	module.vision_model.decoder.layers.23.mlp.linear_fc1.weight (param.main_grad.dtype=torch.float32)
	module.vision_model.decoder.layers.23.mlp.linear_fc1.layer_norm_bias (param.main_grad.dtype=torch.float32)
	module.vision_model.decoder.layers.23.mlp.linear_fc1.layer_norm_weight (param.main_grad.dtype=torch.float32)
	module.vision_model.decoder.layers.23.self_attention.linear_qkv.bias (param.main_grad.dtype=torch.float32)
	module.vision_model.decoder.layers.23.self_attention.linear_qkv.weight (param.main_grad.dtype=torch.float32)
	module.vision_model.decoder.layers.23.self_attention.linear_qkv.layer_norm_bias (param.main_grad.dtype=torch.float32)
	module.vision_model.decoder.layers.23.self_attention.linear_qkv.layer_norm_weight (param.main_grad.dtype=torch.float32)
	module.vision_model.decoder.layers.23.self_attention.linear_proj.bias (param.main_grad.dtype=torch.float32)
	module.vision_model.decoder.layers.23.self_attention.linear_proj.weight (param.main_grad.dtype=torch.float32)
	module.vision_model.decoder.layers.22.mlp.linear_fc2.bias (param.main_grad.dtype=torch.float32)
	module.vision_model.decoder.layers.22.mlp.linear_fc2.weight (param.main_grad.dtype=torch.float32)
	module.vision_model.decoder.layers.22.mlp.linear_fc1.bias (param.main_grad.dtype=torch.float32)
	module.vision_model.decoder.layers.22.mlp.linear_fc1.weight (param.main_grad.dtype=torch.float32)
	module.vision_model.decoder.layers.22.mlp.linear_fc1.layer_norm_bias (param.main_grad.dtype=torch.float32)
	module.vision_model.decoder.layers.22.mlp.linear_fc1.layer_norm_weight (param.main_grad.dtype=torch.float32)
	module.vision_model.decoder.layers.22.self_attention.linear_qkv.bias (param.main_grad.dtype=torch.float32)
	module.vision_model.decoder.layers.22.self_attention.linear_qkv.weight (param.main_grad.dtype=torch.float32)
	module.vision_model.decoder.layers.22.self_attention.linear_qkv.layer_norm_bias (param.main_grad.dtype=torch.float32)
	module.vision_model.decoder.layers.22.self_attention.linear_qkv.layer_norm_weight (param.main_grad.dtype=torch.float32)
	module.vision_model.decoder.layers.22.self_attention.linear_proj.bias (param.main_grad.dtype=torch.float32)
	module.vision_model.decoder.layers.22.self_attention.linear_proj.weight (param.main_grad.dtype=torch.float32)
	module.vision_model.decoder.layers.21.mlp.linear_fc2.bias (param.main_grad.dtype=torch.float32)
	module.vision_model.decoder.layers.21.mlp.linear_fc2.weight (param.main_grad.dtype=torch.float32)
	module.vision_model.decoder.layers.21.mlp.linear_fc1.bias (param.main_grad.dtype=torch.float32)
	module.vision_model.decoder.layers.21.mlp.linear_fc1.weight (param.main_grad.dtype=torch.float32)
	module.vision_model.decoder.layers.21.mlp.linear_fc1.layer_norm_bias (param.main_grad.dtype=torch.float32)
	module.vision_model.decoder.layers.21.mlp.linear_fc1.layer_norm_weight (param.main_grad.dtype=torch.float32)
	module.vision_model.decoder.layers.21.self_attention.linear_qkv.bias (param.main_grad.dtype=torch.float32)
	module.vision_model.decoder.layers.21.self_attention.linear_qkv.weight (param.main_grad.dtype=torch.float32)
	module.vision_model.decoder.layers.21.self_attention.linear_qkv.layer_norm_bias (param.main_grad.dtype=torch.float32)
	module.vision_model.decoder.layers.21.self_attention.linear_qkv.layer_norm_weight (param.main_grad.dtype=torch.float32)
	module.vision_model.decoder.layers.21.self_attention.linear_proj.bias (param.main_grad.dtype=torch.float32)
	module.vision_model.decoder.layers.21.self_attention.linear_proj.weight (param.main_grad.dtype=torch.float32)
	module.vision_model.decoder.layers.20.mlp.linear_fc2.bias (param.main_grad.dtype=torch.float32)
	module.vision_model.decoder.layers.20.mlp.linear_fc2.weight (param.main_grad.dtype=torch.float32)
	module.vision_model.decoder.layers.20.mlp.linear_fc1.bias (param.main_grad.dtype=torch.float32)
	module.vision_model.decoder.layers.20.mlp.linear_fc1.weight (param.main_grad.dtype=torch.float32)
	module.vision_model.decoder.layers.20.mlp.linear_fc1.layer_norm_bias (param.main_grad.dtype=torch.float32)
	module.vision_model.decoder.layers.20.mlp.linear_fc1.layer_norm_weight (param.main_grad.dtype=torch.float32)
	module.vision_model.decoder.layers.20.self_attention.linear_qkv.bias (param.main_grad.dtype=torch.float32)
	module.vision_model.decoder.layers.20.self_attention.linear_qkv.weight (param.main_grad.dtype=torch.float32)
	module.vision_model.decoder.layers.20.self_attention.linear_qkv.layer_norm_bias (param.main_grad.dtype=torch.float32)
	module.vision_model.decoder.layers.20.self_attention.linear_qkv.layer_norm_weight (param.main_grad.dtype=torch.float32)
	module.vision_model.decoder.layers.20.self_attention.linear_proj.bias (param.main_grad.dtype=torch.float32)
	module.vision_model.decoder.layers.20.self_attention.linear_proj.weight (param.main_grad.dtype=torch.float32)
	module.vision_model.decoder.layers.19.mlp.linear_fc2.bias (param.main_grad.dtype=torch.float32)
	module.vision_model.decoder.layers.19.mlp.linear_fc2.weight (param.main_grad.dtype=torch.float32)
	module.vision_model.decoder.layers.19.mlp.linear_fc1.bias (param.main_grad.dtype=torch.float32)
	module.vision_model.decoder.layers.19.mlp.linear_fc1.weight (param.main_grad.dtype=torch.float32)
	module.vision_model.decoder.layers.19.mlp.linear_fc1.layer_norm_bias (param.main_grad.dtype=torch.float32)
	module.vision_model.decoder.layers.19.mlp.linear_fc1.layer_norm_weight (param.main_grad.dtype=torch.float32)
	module.vision_model.decoder.layers.19.self_attention.linear_qkv.bias (param.main_grad.dtype=torch.float32)
	module.vision_model.decoder.layers.19.self_attention.linear_qkv.weight (param.main_grad.dtype=torch.float32)
	module.vision_model.decoder.layers.19.self_attention.linear_qkv.layer_norm_bias (param.main_grad.dtype=torch.float32)
	module.vision_model.decoder.layers.19.self_attention.linear_qkv.layer_norm_weight (param.main_grad.dtype=torch.float32)
	module.vision_model.decoder.layers.19.self_attention.linear_proj.bias (param.main_grad.dtype=torch.float32)
	module.vision_model.decoder.layers.19.self_attention.linear_proj.weight (param.main_grad.dtype=torch.float32)
	module.vision_model.decoder.layers.18.mlp.linear_fc2.bias (param.main_grad.dtype=torch.float32)
	module.vision_model.decoder.layers.18.mlp.linear_fc2.weight (param.main_grad.dtype=torch.float32)
	module.vision_model.decoder.layers.18.mlp.linear_fc1.bias (param.main_grad.dtype=torch.float32)
	module.vision_model.decoder.layers.18.mlp.linear_fc1.weight (param.main_grad.dtype=torch.float32)
	module.vision_model.decoder.layers.18.mlp.linear_fc1.layer_norm_bias (param.main_grad.dtype=torch.float32)
	module.vision_model.decoder.layers.18.mlp.linear_fc1.layer_norm_weight (param.main_grad.dtype=torch.float32)
	module.vision_model.decoder.layers.18.self_attention.linear_qkv.bias (param.main_grad.dtype=torch.float32)
	module.vision_model.decoder.layers.18.self_attention.linear_qkv.weight (param.main_grad.dtype=torch.float32)
	module.vision_model.decoder.layers.18.self_attention.linear_qkv.layer_norm_bias (param.main_grad.dtype=torch.float32)
	module.vision_model.decoder.layers.18.self_attention.linear_qkv.layer_norm_weight (param.main_grad.dtype=torch.float32)
	module.vision_model.decoder.layers.18.self_attention.linear_proj.bias (param.main_grad.dtype=torch.float32)
	module.vision_model.decoder.layers.18.self_attention.linear_proj.weight (param.main_grad.dtype=torch.float32)
	module.vision_model.decoder.layers.17.mlp.linear_fc2.bias (param.main_grad.dtype=torch.float32)
	module.vision_model.decoder.layers.17.mlp.linear_fc2.weight (param.main_grad.dtype=torch.float32)
	module.vision_model.decoder.layers.17.mlp.linear_fc1.bias (param.main_grad.dtype=torch.float32)
	module.vision_model.decoder.layers.17.mlp.linear_fc1.weight (param.main_grad.dtype=torch.float32)
	module.vision_model.decoder.layers.17.mlp.linear_fc1.layer_norm_bias (param.main_grad.dtype=torch.float32)
	module.vision_model.decoder.layers.17.mlp.linear_fc1.layer_norm_weight (param.main_grad.dtype=torch.float32)
	module.vision_model.decoder.layers.17.self_attention.linear_qkv.bias (param.main_grad.dtype=torch.float32)
	module.vision_model.decoder.layers.17.self_attention.linear_qkv.weight (param.main_grad.dtype=torch.float32)
	module.vision_model.decoder.layers.17.self_attention.linear_qkv.layer_norm_bias (param.main_grad.dtype=torch.float32)
	module.vision_model.decoder.layers.17.self_attention.linear_qkv.layer_norm_weight (param.main_grad.dtype=torch.float32)
	module.vision_model.decoder.layers.17.self_attention.linear_proj.bias (param.main_grad.dtype=torch.float32)
	module.vision_model.decoder.layers.17.self_attention.linear_proj.weight (param.main_grad.dtype=torch.float32)
	module.vision_model.decoder.layers.16.mlp.linear_fc2.bias (param.main_grad.dtype=torch.float32)
	module.vision_model.decoder.layers.16.mlp.linear_fc2.weight (param.main_grad.dtype=torch.float32)
	module.vision_model.decoder.layers.16.mlp.linear_fc1.bias (param.main_grad.dtype=torch.float32)
	module.vision_model.decoder.layers.16.mlp.linear_fc1.weight (param.main_grad.dtype=torch.float32)
	module.vision_model.decoder.layers.16.mlp.linear_fc1.layer_norm_bias (param.main_grad.dtype=torch.float32)
	module.vision_model.decoder.layers.16.mlp.linear_fc1.layer_norm_weight (param.main_grad.dtype=torch.float32)
	module.vision_model.decoder.layers.16.self_attention.linear_qkv.bias (param.main_grad.dtype=torch.float32)
	module.vision_model.decoder.layers.16.self_attention.linear_qkv.weight (param.main_grad.dtype=torch.float32)
	module.vision_model.decoder.layers.16.self_attention.linear_qkv.layer_norm_bias (param.main_grad.dtype=torch.float32)
	module.vision_model.decoder.layers.16.self_attention.linear_qkv.layer_norm_weight (param.main_grad.dtype=torch.float32)
	module.vision_model.decoder.layers.16.self_attention.linear_proj.bias (param.main_grad.dtype=torch.float32)
	module.vision_model.decoder.layers.16.self_attention.linear_proj.weight (param.main_grad.dtype=torch.float32)
	module.vision_model.decoder.layers.15.mlp.linear_fc2.bias (param.main_grad.dtype=torch.float32)
	module.vision_model.decoder.layers.15.mlp.linear_fc2.weight (param.main_grad.dtype=torch.float32)
	module.vision_model.decoder.layers.15.mlp.linear_fc1.bias (param.main_grad.dtype=torch.float32)
	module.vision_model.decoder.layers.15.mlp.linear_fc1.weight (param.main_grad.dtype=torch.float32)
	module.vision_model.decoder.layers.15.mlp.linear_fc1.layer_norm_bias (param.main_grad.dtype=torch.float32)
	module.vision_model.decoder.layers.15.mlp.linear_fc1.layer_norm_weight (param.main_grad.dtype=torch.float32)
	module.vision_model.decoder.layers.15.self_attention.linear_qkv.bias (param.main_grad.dtype=torch.float32)
	module.vision_model.decoder.layers.15.self_attention.linear_qkv.weight (param.main_grad.dtype=torch.float32)
	module.vision_model.decoder.layers.15.self_attention.linear_qkv.layer_norm_bias (param.main_grad.dtype=torch.float32)
	module.vision_model.decoder.layers.15.self_attention.linear_qkv.layer_norm_weight (param.main_grad.dtype=torch.float32)
	module.vision_model.decoder.layers.15.self_attention.linear_proj.bias (param.main_grad.dtype=torch.float32)
	module.vision_model.decoder.layers.15.self_attention.linear_proj.weight (param.main_grad.dtype=torch.float32)
	module.vision_model.decoder.layers.14.mlp.linear_fc2.bias (param.main_grad.dtype=torch.float32)
	module.vision_model.decoder.layers.14.mlp.linear_fc2.weight (param.main_grad.dtype=torch.float32)
	module.vision_model.decoder.layers.14.mlp.linear_fc1.bias (param.main_grad.dtype=torch.float32)
	module.vision_model.decoder.layers.14.mlp.linear_fc1.weight (param.main_grad.dtype=torch.float32)
	module.vision_model.decoder.layers.14.mlp.linear_fc1.layer_norm_bias (param.main_grad.dtype=torch.float32)
	module.vision_model.decoder.layers.14.mlp.linear_fc1.layer_norm_weight (param.main_grad.dtype=torch.float32)
	module.vision_model.decoder.layers.14.self_attention.linear_qkv.bias (param.main_grad.dtype=torch.float32)
	module.vision_model.decoder.layers.14.self_attention.linear_qkv.weight (param.main_grad.dtype=torch.float32)
	module.vision_model.decoder.layers.14.self_attention.linear_qkv.layer_norm_bias (param.main_grad.dtype=torch.float32)
	module.vision_model.decoder.layers.14.self_attention.linear_qkv.layer_norm_weight (param.main_grad.dtype=torch.float32)
	module.vision_model.decoder.layers.14.self_attention.linear_proj.bias (param.main_grad.dtype=torch.float32)
	module.vision_model.decoder.layers.14.self_attention.linear_proj.weight (param.main_grad.dtype=torch.float32)
	module.vision_model.decoder.layers.13.mlp.linear_fc2.bias (param.main_grad.dtype=torch.float32)
	module.vision_model.decoder.layers.13.mlp.linear_fc2.weight (param.main_grad.dtype=torch.float32)
	module.vision_model.decoder.layers.13.mlp.linear_fc1.bias (param.main_grad.dtype=torch.float32)
	module.vision_model.decoder.layers.13.mlp.linear_fc1.weight (param.main_grad.dtype=torch.float32)
	module.vision_model.decoder.layers.13.mlp.linear_fc1.layer_norm_bias (param.main_grad.dtype=torch.float32)
	module.vision_model.decoder.layers.13.mlp.linear_fc1.layer_norm_weight (param.main_grad.dtype=torch.float32)
	module.vision_model.decoder.layers.13.self_attention.linear_qkv.bias (param.main_grad.dtype=torch.float32)
	module.vision_model.decoder.layers.13.self_attention.linear_qkv.weight (param.main_grad.dtype=torch.float32)
	module.vision_model.decoder.layers.13.self_attention.linear_qkv.layer_norm_bias (param.main_grad.dtype=torch.float32)
	module.vision_model.decoder.layers.13.self_attention.linear_qkv.layer_norm_weight (param.main_grad.dtype=torch.float32)
	module.vision_model.decoder.layers.13.self_attention.linear_proj.bias (param.main_grad.dtype=torch.float32)
	module.vision_model.decoder.layers.13.self_attention.linear_proj.weight (param.main_grad.dtype=torch.float32)
	module.vision_model.decoder.layers.12.mlp.linear_fc2.bias (param.main_grad.dtype=torch.float32)
	module.vision_model.decoder.layers.12.mlp.linear_fc2.weight (param.main_grad.dtype=torch.float32)
	module.vision_model.decoder.layers.12.mlp.linear_fc1.bias (param.main_grad.dtype=torch.float32)
	module.vision_model.decoder.layers.12.mlp.linear_fc1.weight (param.main_grad.dtype=torch.float32)
	module.vision_model.decoder.layers.12.mlp.linear_fc1.layer_norm_bias (param.main_grad.dtype=torch.float32)
	module.vision_model.decoder.layers.12.mlp.linear_fc1.layer_norm_weight (param.main_grad.dtype=torch.float32)
	module.vision_model.decoder.layers.12.self_attention.linear_qkv.bias (param.main_grad.dtype=torch.float32)
	module.vision_model.decoder.layers.12.self_attention.linear_qkv.weight (param.main_grad.dtype=torch.float32)
	module.vision_model.decoder.layers.12.self_attention.linear_qkv.layer_norm_bias (param.main_grad.dtype=torch.float32)
	module.vision_model.decoder.layers.12.self_attention.linear_qkv.layer_norm_weight (param.main_grad.dtype=torch.float32)
	module.vision_model.decoder.layers.12.self_attention.linear_proj.bias (param.main_grad.dtype=torch.float32)
	module.vision_model.decoder.layers.12.self_attention.linear_proj.weight (param.main_grad.dtype=torch.float32)
	module.vision_model.decoder.layers.11.mlp.linear_fc2.bias (param.main_grad.dtype=torch.float32)
	module.vision_model.decoder.layers.11.mlp.linear_fc2.weight (param.main_grad.dtype=torch.float32)
	module.vision_model.decoder.layers.11.mlp.linear_fc1.bias (param.main_grad.dtype=torch.float32)
	module.vision_model.decoder.layers.11.mlp.linear_fc1.weight (param.main_grad.dtype=torch.float32)
	module.vision_model.decoder.layers.11.mlp.linear_fc1.layer_norm_bias (param.main_grad.dtype=torch.float32)
	module.vision_model.decoder.layers.11.mlp.linear_fc1.layer_norm_weight (param.main_grad.dtype=torch.float32)
	module.vision_model.decoder.layers.11.self_attention.linear_qkv.bias (param.main_grad.dtype=torch.float32)
	module.vision_model.decoder.layers.11.self_attention.linear_qkv.weight (param.main_grad.dtype=torch.float32)
	module.vision_model.decoder.layers.11.self_attention.linear_qkv.layer_norm_bias (param.main_grad.dtype=torch.float32)
	module.vision_model.decoder.layers.11.self_attention.linear_qkv.layer_norm_weight (param.main_grad.dtype=torch.float32)
	module.vision_model.decoder.layers.11.self_attention.linear_proj.bias (param.main_grad.dtype=torch.float32)
	module.vision_model.decoder.layers.11.self_attention.linear_proj.weight (param.main_grad.dtype=torch.float32)
	module.vision_model.decoder.layers.10.mlp.linear_fc2.bias (param.main_grad.dtype=torch.float32)
	module.vision_model.decoder.layers.10.mlp.linear_fc2.weight (param.main_grad.dtype=torch.float32)
	module.vision_model.decoder.layers.10.mlp.linear_fc1.bias (param.main_grad.dtype=torch.float32)
	module.vision_model.decoder.layers.10.mlp.linear_fc1.weight (param.main_grad.dtype=torch.float32)
	module.vision_model.decoder.layers.10.mlp.linear_fc1.layer_norm_bias (param.main_grad.dtype=torch.float32)
	module.vision_model.decoder.layers.10.mlp.linear_fc1.layer_norm_weight (param.main_grad.dtype=torch.float32)
	module.vision_model.decoder.layers.10.self_attention.linear_qkv.bias (param.main_grad.dtype=torch.float32)
	module.vision_model.decoder.layers.10.self_attention.linear_qkv.weight (param.main_grad.dtype=torch.float32)
	module.vision_model.decoder.layers.10.self_attention.linear_qkv.layer_norm_bias (param.main_grad.dtype=torch.float32)
	module.vision_model.decoder.layers.10.self_attention.linear_qkv.layer_norm_weight (param.main_grad.dtype=torch.float32)
	module.vision_model.decoder.layers.10.self_attention.linear_proj.bias (param.main_grad.dtype=torch.float32)
	module.vision_model.decoder.layers.10.self_attention.linear_proj.weight (param.main_grad.dtype=torch.float32)
	module.vision_model.decoder.layers.9.mlp.linear_fc2.bias (param.main_grad.dtype=torch.float32)
	module.vision_model.decoder.layers.9.mlp.linear_fc2.weight (param.main_grad.dtype=torch.float32)
	module.vision_model.decoder.layers.9.mlp.linear_fc1.bias (param.main_grad.dtype=torch.float32)
	module.vision_model.decoder.layers.9.mlp.linear_fc1.weight (param.main_grad.dtype=torch.float32)
	module.vision_model.decoder.layers.9.mlp.linear_fc1.layer_norm_bias (param.main_grad.dtype=torch.float32)
	module.vision_model.decoder.layers.9.mlp.linear_fc1.layer_norm_weight (param.main_grad.dtype=torch.float32)
	module.vision_model.decoder.layers.9.self_attention.linear_qkv.bias (param.main_grad.dtype=torch.float32)
	module.vision_model.decoder.layers.9.self_attention.linear_qkv.weight (param.main_grad.dtype=torch.float32)
	module.vision_model.decoder.layers.9.self_attention.linear_qkv.layer_norm_bias (param.main_grad.dtype=torch.float32)
	module.vision_model.decoder.layers.9.self_attention.linear_qkv.layer_norm_weight (param.main_grad.dtype=torch.float32)
	module.vision_model.decoder.layers.9.self_attention.linear_proj.bias (param.main_grad.dtype=torch.float32)
	module.vision_model.decoder.layers.9.self_attention.linear_proj.weight (param.main_grad.dtype=torch.float32)
	module.vision_model.decoder.layers.8.mlp.linear_fc2.bias (param.main_grad.dtype=torch.float32)
	module.vision_model.decoder.layers.8.mlp.linear_fc2.weight (param.main_grad.dtype=torch.float32)
	module.vision_model.decoder.layers.8.mlp.linear_fc1.bias (param.main_grad.dtype=torch.float32)
	module.vision_model.decoder.layers.8.mlp.linear_fc1.weight (param.main_grad.dtype=torch.float32)
	module.vision_model.decoder.layers.8.mlp.linear_fc1.layer_norm_bias (param.main_grad.dtype=torch.float32)
	module.vision_model.decoder.layers.8.mlp.linear_fc1.layer_norm_weight (param.main_grad.dtype=torch.float32)
	module.vision_model.decoder.layers.8.self_attention.linear_qkv.bias (param.main_grad.dtype=torch.float32)
	module.vision_model.decoder.layers.8.self_attention.linear_qkv.weight (param.main_grad.dtype=torch.float32)
	module.vision_model.decoder.layers.8.self_attention.linear_qkv.layer_norm_bias (param.main_grad.dtype=torch.float32)
	module.vision_model.decoder.layers.8.self_attention.linear_qkv.layer_norm_weight (param.main_grad.dtype=torch.float32)
	module.vision_model.decoder.layers.8.self_attention.linear_proj.bias (param.main_grad.dtype=torch.float32)
	module.vision_model.decoder.layers.8.self_attention.linear_proj.weight (param.main_grad.dtype=torch.float32)
	module.vision_model.decoder.layers.7.mlp.linear_fc2.bias (param.main_grad.dtype=torch.float32)
	module.vision_model.decoder.layers.7.mlp.linear_fc2.weight (param.main_grad.dtype=torch.float32)
	module.vision_model.decoder.layers.7.mlp.linear_fc1.bias (param.main_grad.dtype=torch.float32)
	module.vision_model.decoder.layers.7.mlp.linear_fc1.weight (param.main_grad.dtype=torch.float32)
	module.vision_model.decoder.layers.7.mlp.linear_fc1.layer_norm_bias (param.main_grad.dtype=torch.float32)
	module.vision_model.decoder.layers.7.mlp.linear_fc1.layer_norm_weight (param.main_grad.dtype=torch.float32)
	module.vision_model.decoder.layers.7.self_attention.linear_qkv.bias (param.main_grad.dtype=torch.float32)
	module.vision_model.decoder.layers.7.self_attention.linear_qkv.weight (param.main_grad.dtype=torch.float32)
	module.vision_model.decoder.layers.7.self_attention.linear_qkv.layer_norm_bias (param.main_grad.dtype=torch.float32)
	module.vision_model.decoder.layers.7.self_attention.linear_qkv.layer_norm_weight (param.main_grad.dtype=torch.float32)
	module.vision_model.decoder.layers.7.self_attention.linear_proj.bias (param.main_grad.dtype=torch.float32)
	module.vision_model.decoder.layers.7.self_attention.linear_proj.weight (param.main_grad.dtype=torch.float32)
	module.vision_model.decoder.layers.6.mlp.linear_fc2.bias (param.main_grad.dtype=torch.float32)
	module.vision_model.decoder.layers.6.mlp.linear_fc2.weight (param.main_grad.dtype=torch.float32)
	module.vision_model.decoder.layers.6.mlp.linear_fc1.bias (param.main_grad.dtype=torch.float32)
	module.vision_model.decoder.layers.6.mlp.linear_fc1.weight (param.main_grad.dtype=torch.float32)
	module.vision_model.decoder.layers.6.mlp.linear_fc1.layer_norm_bias (param.main_grad.dtype=torch.float32)
	module.vision_model.decoder.layers.6.mlp.linear_fc1.layer_norm_weight (param.main_grad.dtype=torch.float32)
	module.vision_model.decoder.layers.6.self_attention.linear_qkv.bias (param.main_grad.dtype=torch.float32)
	module.vision_model.decoder.layers.6.self_attention.linear_qkv.weight (param.main_grad.dtype=torch.float32)
	module.vision_model.decoder.layers.6.self_attention.linear_qkv.layer_norm_bias (param.main_grad.dtype=torch.float32)
	module.vision_model.decoder.layers.6.self_attention.linear_qkv.layer_norm_weight (param.main_grad.dtype=torch.float32)
	module.vision_model.decoder.layers.6.self_attention.linear_proj.bias (param.main_grad.dtype=torch.float32)
	module.vision_model.decoder.layers.6.self_attention.linear_proj.weight (param.main_grad.dtype=torch.float32)
	module.vision_model.decoder.layers.5.mlp.linear_fc2.bias (param.main_grad.dtype=torch.float32)
	module.vision_model.decoder.layers.5.mlp.linear_fc2.weight (param.main_grad.dtype=torch.float32)
	module.vision_model.decoder.layers.5.mlp.linear_fc1.bias (param.main_grad.dtype=torch.float32)
	module.vision_model.decoder.layers.5.mlp.linear_fc1.weight (param.main_grad.dtype=torch.float32)
	module.vision_model.decoder.layers.5.mlp.linear_fc1.layer_norm_bias (param.main_grad.dtype=torch.float32)
	module.vision_model.decoder.layers.5.mlp.linear_fc1.layer_norm_weight (param.main_grad.dtype=torch.float32)
	module.vision_model.decoder.layers.5.self_attention.linear_qkv.bias (param.main_grad.dtype=torch.float32)
	module.vision_model.decoder.layers.5.self_attention.linear_qkv.weight (param.main_grad.dtype=torch.float32)
	module.vision_model.decoder.layers.5.self_attention.linear_qkv.layer_norm_bias (param.main_grad.dtype=torch.float32)
	module.vision_model.decoder.layers.5.self_attention.linear_qkv.layer_norm_weight (param.main_grad.dtype=torch.float32)
	module.vision_model.decoder.layers.5.self_attention.linear_proj.bias (param.main_grad.dtype=torch.float32)
	module.vision_model.decoder.layers.5.self_attention.linear_proj.weight (param.main_grad.dtype=torch.float32)
	module.vision_model.decoder.layers.4.mlp.linear_fc2.bias (param.main_grad.dtype=torch.float32)
	module.vision_model.decoder.layers.4.mlp.linear_fc2.weight (param.main_grad.dtype=torch.float32)
	module.vision_model.decoder.layers.4.mlp.linear_fc1.bias (param.main_grad.dtype=torch.float32)
	module.vision_model.decoder.layers.4.mlp.linear_fc1.weight (param.main_grad.dtype=torch.float32)
	module.vision_model.decoder.layers.4.mlp.linear_fc1.layer_norm_bias (param.main_grad.dtype=torch.float32)
	module.vision_model.decoder.layers.4.mlp.linear_fc1.layer_norm_weight (param.main_grad.dtype=torch.float32)
	module.vision_model.decoder.layers.4.self_attention.linear_qkv.bias (param.main_grad.dtype=torch.float32)
	module.vision_model.decoder.layers.4.self_attention.linear_qkv.weight (param.main_grad.dtype=torch.float32)
	module.vision_model.decoder.layers.4.self_attention.linear_qkv.layer_norm_bias (param.main_grad.dtype=torch.float32)
	module.vision_model.decoder.layers.4.self_attention.linear_qkv.layer_norm_weight (param.main_grad.dtype=torch.float32)
	module.vision_model.decoder.layers.4.self_attention.linear_proj.bias (param.main_grad.dtype=torch.float32)
	module.vision_model.decoder.layers.4.self_attention.linear_proj.weight (param.main_grad.dtype=torch.float32)
	module.vision_model.decoder.layers.3.mlp.linear_fc2.bias (param.main_grad.dtype=torch.float32)
	module.vision_model.decoder.layers.3.mlp.linear_fc2.weight (param.main_grad.dtype=torch.float32)
	module.vision_model.decoder.layers.3.mlp.linear_fc1.bias (param.main_grad.dtype=torch.float32)
	module.vision_model.decoder.layers.3.mlp.linear_fc1.weight (param.main_grad.dtype=torch.float32)
	module.vision_model.decoder.layers.3.mlp.linear_fc1.layer_norm_bias (param.main_grad.dtype=torch.float32)
	module.vision_model.decoder.layers.3.mlp.linear_fc1.layer_norm_weight (param.main_grad.dtype=torch.float32)
	module.vision_model.decoder.layers.3.self_attention.linear_qkv.bias (param.main_grad.dtype=torch.float32)
	module.vision_model.decoder.layers.3.self_attention.linear_qkv.weight (param.main_grad.dtype=torch.float32)
	module.vision_model.decoder.layers.3.self_attention.linear_qkv.layer_norm_bias (param.main_grad.dtype=torch.float32)
	module.vision_model.decoder.layers.3.self_attention.linear_qkv.layer_norm_weight (param.main_grad.dtype=torch.float32)
	module.vision_model.decoder.layers.3.self_attention.linear_proj.bias (param.main_grad.dtype=torch.float32)
	module.vision_model.decoder.layers.3.self_attention.linear_proj.weight (param.main_grad.dtype=torch.float32)
	module.vision_model.decoder.layers.2.mlp.linear_fc2.bias (param.main_grad.dtype=torch.float32)
	module.vision_model.decoder.layers.2.mlp.linear_fc2.weight (param.main_grad.dtype=torch.float32)
	module.vision_model.decoder.layers.2.mlp.linear_fc1.bias (param.main_grad.dtype=torch.float32)
	module.vision_model.decoder.layers.2.mlp.linear_fc1.weight (param.main_grad.dtype=torch.float32)
	module.vision_model.decoder.layers.2.mlp.linear_fc1.layer_norm_bias (param.main_grad.dtype=torch.float32)
	module.vision_model.decoder.layers.2.mlp.linear_fc1.layer_norm_weight (param.main_grad.dtype=torch.float32)
	module.vision_model.decoder.layers.2.self_attention.linear_qkv.bias (param.main_grad.dtype=torch.float32)
	module.vision_model.decoder.layers.2.self_attention.linear_qkv.weight (param.main_grad.dtype=torch.float32)
	module.vision_model.decoder.layers.2.self_attention.linear_qkv.layer_norm_bias (param.main_grad.dtype=torch.float32)
	module.vision_model.decoder.layers.2.self_attention.linear_qkv.layer_norm_weight (param.main_grad.dtype=torch.float32)
	module.vision_model.decoder.layers.2.self_attention.linear_proj.bias (param.main_grad.dtype=torch.float32)
	module.vision_model.decoder.layers.2.self_attention.linear_proj.weight (param.main_grad.dtype=torch.float32)
	module.vision_model.decoder.layers.1.mlp.linear_fc2.bias (param.main_grad.dtype=torch.float32)
	module.vision_model.decoder.layers.1.mlp.linear_fc2.weight (param.main_grad.dtype=torch.float32)
	module.vision_model.decoder.layers.1.mlp.linear_fc1.bias (param.main_grad.dtype=torch.float32)
	module.vision_model.decoder.layers.1.mlp.linear_fc1.weight (param.main_grad.dtype=torch.float32)
	module.vision_model.decoder.layers.1.mlp.linear_fc1.layer_norm_bias (param.main_grad.dtype=torch.float32)
	module.vision_model.decoder.layers.1.mlp.linear_fc1.layer_norm_weight (param.main_grad.dtype=torch.float32)
	module.vision_model.decoder.layers.1.self_attention.linear_qkv.bias (param.main_grad.dtype=torch.float32)
	module.vision_model.decoder.layers.1.self_attention.linear_qkv.weight (param.main_grad.dtype=torch.float32)
	module.vision_model.decoder.layers.1.self_attention.linear_qkv.layer_norm_bias (param.main_grad.dtype=torch.float32)
	module.vision_model.decoder.layers.1.self_attention.linear_qkv.layer_norm_weight (param.main_grad.dtype=torch.float32)
	module.vision_model.decoder.layers.1.self_attention.linear_proj.bias (param.main_grad.dtype=torch.float32)
	module.vision_model.decoder.layers.1.self_attention.linear_proj.weight (param.main_grad.dtype=torch.float32)
	module.vision_model.decoder.layers.0.mlp.linear_fc2.bias (param.main_grad.dtype=torch.float32)
	module.vision_model.decoder.layers.0.mlp.linear_fc2.weight (param.main_grad.dtype=torch.float32)
	module.vision_model.decoder.layers.0.mlp.linear_fc1.bias (param.main_grad.dtype=torch.float32)
	module.vision_model.decoder.layers.0.mlp.linear_fc1.weight (param.main_grad.dtype=torch.float32)
	module.vision_model.decoder.layers.0.mlp.linear_fc1.layer_norm_bias (param.main_grad.dtype=torch.float32)
	module.vision_model.decoder.layers.0.mlp.linear_fc1.layer_norm_weight (param.main_grad.dtype=torch.float32)
	module.vision_model.decoder.layers.0.self_attention.linear_qkv.bias (param.main_grad.dtype=torch.float32)
	module.vision_model.decoder.layers.0.self_attention.linear_qkv.weight (param.main_grad.dtype=torch.float32)
	module.vision_model.decoder.layers.0.self_attention.linear_qkv.layer_norm_bias (param.main_grad.dtype=torch.float32)
	module.vision_model.decoder.layers.0.self_attention.linear_qkv.layer_norm_weight (param.main_grad.dtype=torch.float32)
	module.vision_model.decoder.layers.0.self_attention.linear_proj.bias (param.main_grad.dtype=torch.float32)
	module.vision_model.decoder.layers.0.self_attention.linear_proj.weight (param.main_grad.dtype=torch.float32)
	module.vision_model.pos_embed.weight (param.main_grad.dtype=torch.float32)
	module.vision_model.patch_embed.proj.bias (param.main_grad.dtype=torch.float32)
	module.vision_model.patch_embed.proj.weight (param.main_grad.dtype=torch.float32)
INFO:megatron.core.distributed.param_and_grad_buffer:Using reduce-scatter for gradient reductions because self.ddp_config.use_distributed_optimizer=True
INFO:megatron.core.distributed.param_and_grad_buffer:Using reduce-scatter for gradient reductions because self.ddp_config.use_distributed_optimizer=True
INFO:megatron.core.distributed.param_and_grad_buffer:Using reduce-scatter for gradient reductions because self.ddp_config.use_distributed_optimizer=True
INFO:megatron.core.optimizer:Setting up optimizer with config OptimizerConfig(lr=1e-05, min_lr=1e-05, decoupled_lr=None, decoupled_min_lr=None, weight_decay=0.0, apply_wd_to_qk_layernorm=False, fp8_recipe='tensorwise', fp16=False, bf16=True, reuse_grad_buf_for_mxfp8_param_ag=False, params_dtype=torch.bfloat16, use_precision_aware_optimizer=False, store_param_remainders=True, main_grads_dtype=torch.float32, main_params_dtype=torch.float32, exp_avg_dtype=torch.float32, exp_avg_sq_dtype=torch.float32, optimizer='adam', loss_scale=None, initial_loss_scale=4294967296, min_loss_scale=1.0, loss_scale_window=1000, hysteresis=2, adam_beta1=0.9, adam_beta2=0.95, adam_eps=1e-08, decoupled_weight_decay=True, sgd_momentum=0.9, muon_momentum=0.95, muon_split_qkv=True, muon_nesterov=False, muon_scale_mode='spectral', muon_fp32_matmul_prec='medium', muon_coefficient_type='quintic', muon_num_ns_steps=5, muon_tp_mode='blockwise', muon_extra_scale_factor=1.0, muon_scalar_optimizer='adam', lion_beta1=0.95, lion_beta2=0.98, soap_shampoo_beta=0.95, soap_precondition_frequency=1, soap_use_kl_shampoo=True, adaptive_muon_moment2_method='adamuon', adaptive_muon_beta2=0.95, adaptive_muon_eps=1e-08, use_distributed_optimizer=True, use_layer_wise_distributed_optimizer=False, overlap_param_gather=False, overlap_param_gather_with_optimizer_step=False, optimizer_cpu_offload=False, optimizer_offload_fraction=0.0, use_torch_optimizer_for_cpu_offload=False, overlap_cpu_optimizer_d2h_h2d=False, pin_cpu_grads=True, pin_cpu_params=True, clip_grad=0.0, grad_norm_skip_threshold=inf, log_num_zeros_in_grad=False, barrier_with_L1_time=False, timers=<megatron.core.timers.Timers object at 0x795badaaa7b0>, config_logger_dir='', optimizer_cuda_graph=False)
 > number of parameters on (tensor, gtp_remat, pipeline) model parallel rank (2, 0, 0): 691687616
INFO:megatron.core.distributed.param_and_grad_buffer:Using reduce-scatter for gradient reductions because self.ddp_config.use_distributed_optimizer=True
INFO:megatron.core.distributed.param_and_grad_buffer:Using reduce-scatter for gradient reductions because self.ddp_config.use_distributed_optimizer=True
INFO:megatron.core.distributed.param_and_grad_buffer:Using reduce-scatter for gradient reductions because self.ddp_config.use_distributed_optimizer=True
INFO:megatron.core.optimizer_param_scheduler:> learning rate decay style: constant
[after model, optimizer, and learning rate scheduler are built] datetime: 2026-10-04 19:34:05 
INFO:megatron.bridge.training.optim:Enabled memory-efficient FP32 checkpoint-state loading for 1 distributed Transformer Engine FusedAdam optimizer(s).
INFO:megatron.bridge.training.optim:Enabled memory-efficient FP32 checkpoint-state loading for 1 distributed Transformer Engine FusedAdam optimizer(s).
INFO:megatron.bridge.training.optim:Enabled memory-efficient FP32 checkpoint-state loading for 1 distributed Transformer Engine FusedAdam optimizer(s).
INFO:megatron.bridge.training.optim:Enabled memory-efficient FP32 checkpoint-state loading for 1 distributed Transformer Engine FusedAdam optimizer(s).
INFO:megatron.bridge.training.optim:Enabled memory-efficient FP32 checkpoint-state loading for 1 distributed Transformer Engine FusedAdam optimizer(s).
Checkpoint file not found in load directory /opt/Megatron-Bridge/nemo_experiments/default/checkpoints. Attempting to finetune with checkpoint in /workspace/std/Qwen3.5-4B
INFO:megatron.bridge.training.optim:Enabled memory-efficient FP32 checkpoint-state loading for 1 distributed Transformer Engine FusedAdam optimizer(s).
INFO:megatron.bridge.training.optim:Enabled memory-efficient FP32 checkpoint-state loading for 1 distributed Transformer Engine FusedAdam optimizer(s).
INFO:megatron.bridge.training.optim:Enabled memory-efficient FP32 checkpoint-state loading for 1 distributed Transformer Engine FusedAdam optimizer(s).
Broadcasting TrainState from rank 0 to all 8 ranks
 Auto-detected checkpoint format as 'torch_dist' from /workspace/std/Qwen3.5-4B/iter_0000000.
/usr/local/lib/python3.12/dist-packages/torch/distributed/checkpoint/utils.py:485: UserWarning: torch.distributed is disabled, unavailable or uninitialized, assuming the intent is to load in a single process.
  return func(*args, **kwargs)
/usr/local/lib/python3.12/dist-packages/torch/distributed/checkpoint/utils.py:485: UserWarning: torch.distributed is disabled, unavailable or uninitialized, assuming the intent is to load in a single process.
  return func(*args, **kwargs)
/usr/local/lib/python3.12/dist-packages/torch/distributed/checkpoint/utils.py:485: UserWarning: torch.distributed is disabled, unavailable or uninitialized, assuming the intent is to load in a single process.
  return func(*args, **kwargs)
/usr/local/lib/python3.12/dist-packages/torch/distributed/checkpoint/utils.py:485: UserWarning: torch.distributed is disabled, unavailable or uninitialized, assuming the intent is to load in a single process.
  return func(*args, **kwargs)
/usr/local/lib/python3.12/dist-packages/torch/distributed/checkpoint/utils.py:485: UserWarning: torch.distributed is disabled, unavailable or uninitialized, assuming the intent is to load in a single process.
  return func(*args, **kwargs)
/usr/local/lib/python3.12/dist-packages/torch/distributed/checkpoint/utils.py:485: UserWarning: torch.distributed is disabled, unavailable or uninitialized, assuming the intent is to load in a single process.
  return func(*args, **kwargs)
/usr/local/lib/python3.12/dist-packages/torch/distributed/checkpoint/utils.py:485: UserWarning: torch.distributed is disabled, unavailable or uninitialized, assuming the intent is to load in a single process.
  return func(*args, **kwargs)
/usr/local/lib/python3.12/dist-packages/torch/distributed/checkpoint/utils.py:485: UserWarning: torch.distributed is disabled, unavailable or uninitialized, assuming the intent is to load in a single process.
  return func(*args, **kwargs)
Broadcasting config from rank 0 to all 8 ranks
(TP, PP) mismatch after resume ((4, 2) vs (1, 1) from checkpoint): RNG state will be ignored
sharded_state_dict metadata loaded from the checkpoint: {'singleton_local_shards': False, 'chained_optim_avoid_prefix': True}
(TP, PP) mismatch after resume ((4, 2) vs (1, 1) from checkpoint): Rerun state will be ignored
 Auto-detected checkpoint format as 'torch_dist' from /workspace/std/Qwen3.5-4B/iter_0000000.
 loading distributed checkpoint from /workspace/std/Qwen3.5-4B at iteration 0
/usr/local/lib/python3.12/dist-packages/torch/distributed/checkpoint/logger.py:90: UserWarning: The argument order of load has been changed. Please check the document to avoid future breakages.
  result = func(*args, **kwargs)
/usr/local/lib/python3.12/dist-packages/torch/distributed/checkpoint/utils.py:483: UserWarning: torch.distributed is disabled, unavailable or uninitialized, assuming the intent is to load in a single process.
  return func(args[0], **kwargs)
/usr/local/lib/python3.12/dist-packages/torch/distributed/checkpoint/logger.py:90: UserWarning: The argument order of load has been changed. Please check the document to avoid future breakages.
  result = func(*args, **kwargs)
/usr/local/lib/python3.12/dist-packages/torch/distributed/checkpoint/utils.py:483: UserWarning: torch.distributed is disabled, unavailable or uninitialized, assuming the intent is to load in a single process.
  return func(args[0], **kwargs)
/usr/local/lib/python3.12/dist-packages/torch/distributed/checkpoint/logger.py:90: UserWarning: The argument order of load has been changed. Please check the document to avoid future breakages.
  result = func(*args, **kwargs)
/usr/local/lib/python3.12/dist-packages/torch/distributed/checkpoint/utils.py:483: UserWarning: torch.distributed is disabled, unavailable or uninitialized, assuming the intent is to load in a single process.
  return func(args[0], **kwargs)
/usr/local/lib/python3.12/dist-packages/torch/distributed/checkpoint/logger.py:90: UserWarning: The argument order of load has been changed. Please check the document to avoid future breakages.
  result = func(*args, **kwargs)
/usr/local/lib/python3.12/dist-packages/torch/distributed/checkpoint/utils.py:483: UserWarning: torch.distributed is disabled, unavailable or uninitialized, assuming the intent is to load in a single process.
  return func(args[0], **kwargs)
/usr/local/lib/python3.12/dist-packages/torch/distributed/checkpoint/logger.py:90: UserWarning: The argument order of load has been changed. Please check the document to avoid future breakages.
  result = func(*args, **kwargs)
/usr/local/lib/python3.12/dist-packages/torch/distributed/checkpoint/logger.py:90: UserWarning: The argument order of load has been changed. Please check the document to avoid future breakages.
  result = func(*args, **kwargs)
/usr/local/lib/python3.12/dist-packages/torch/distributed/checkpoint/utils.py:483: UserWarning: torch.distributed is disabled, unavailable or uninitialized, assuming the intent is to load in a single process.
  return func(args[0], **kwargs)
/usr/local/lib/python3.12/dist-packages/torch/distributed/checkpoint/utils.py:483: UserWarning: torch.distributed is disabled, unavailable or uninitialized, assuming the intent is to load in a single process.
  return func(args[0], **kwargs)
/usr/local/lib/python3.12/dist-packages/torch/distributed/checkpoint/logger.py:90: UserWarning: The argument order of load has been changed. Please check the document to avoid future breakages.
  result = func(*args, **kwargs)
/usr/local/lib/python3.12/dist-packages/torch/distributed/checkpoint/utils.py:483: UserWarning: torch.distributed is disabled, unavailable or uninitialized, assuming the intent is to load in a single process.
  return func(args[0], **kwargs)
/usr/local/lib/python3.12/dist-packages/torch/distributed/checkpoint/planner_helpers.py:489: FutureWarning: Please use DTensor instead and we are deprecating ShardedTensor.
  device = getattr(value, "device", None)
/usr/local/lib/python3.12/dist-packages/torch/distributed/checkpoint/planner_helpers.py:489: FutureWarning: Please use DTensor instead and we are deprecating ShardedTensor.
  device = getattr(value, "device", None)
/usr/local/lib/python3.12/dist-packages/torch/distributed/checkpoint/planner_helpers.py:489: FutureWarning: Please use DTensor instead and we are deprecating ShardedTensor.
  device = getattr(value, "device", None)
/usr/local/lib/python3.12/dist-packages/torch/distributed/checkpoint/default_planner.py:503: FutureWarning: Please use DTensor instead and we are deprecating ShardedTensor.
  and md.size != obj.size()
/usr/local/lib/python3.12/dist-packages/torch/distributed/checkpoint/default_planner.py:503: FutureWarning: Please use DTensor instead and we are deprecating ShardedTensor.
  and md.size != obj.size()
/usr/local/lib/python3.12/dist-packages/torch/distributed/checkpoint/default_planner.py:503: FutureWarning: Please use DTensor instead and we are deprecating ShardedTensor.
  and md.size != obj.size()
/usr/local/lib/python3.12/dist-packages/torch/distributed/checkpoint/logger.py:90: UserWarning: The argument order of load has been changed. Please check the document to avoid future breakages.
  result = func(*args, **kwargs)
/usr/local/lib/python3.12/dist-packages/torch/distributed/checkpoint/utils.py:483: UserWarning: torch.distributed is disabled, unavailable or uninitialized, assuming the intent is to load in a single process.
  return func(args[0], **kwargs)
/usr/local/lib/python3.12/dist-packages/torch/distributed/checkpoint/planner_helpers.py:489: FutureWarning: Please use DTensor instead and we are deprecating ShardedTensor.
  device = getattr(value, "device", None)
/usr/local/lib/python3.12/dist-packages/torch/distributed/checkpoint/default_planner.py:503: FutureWarning: Please use DTensor instead and we are deprecating ShardedTensor.
  and md.size != obj.size()
 checkpoint version 3.0
  successfully loaded checkpoint from /workspace/std/Qwen3.5-4B [ t 0/4, p 0/2 ] at iteration 0
INFO:megatron.core.timers:(min, max) time across ranks (ms):
    load-checkpoint ................................: (3316.88, 3316.99)
> setting tensorboard ...
> building train, validation, and test datasets ...
 > datasets target sizes (minimum size):
    train:      3200
    validation: 0
    test:       0
/usr/local/lib/python3.12/dist-packages/torch/distributed/c10d_logger.py:83: UserWarning: barrier(): using the device under current context. You can specify `device_id` in `init_process_group` to mute this warning.
  return func(*args, **kwargs)
[after dataloaders are built] datetime: 2026-10-04 19:34:45 
done with setup ...
INFO:megatron.core.timers:(min, max) time across ranks (ms):
    model-and-optimizer-setup ......................: (1150.39, 1154.23)
    train/valid/test-data-iterators-setup ..........: (36120.27, 36763.57)
Setting rerun_state_machine.current_iteration to 0...
Starting training loop at iteration 0
/usr/local/lib/python3.12/dist-packages/triton/language/core.py:2284: UserWarning: tl.make_block_ptr is deprecated. Use TensorDescriptor or tl.make_tensor_descriptor instead.
  warn("tl.make_block_ptr is deprecated. Use TensorDescriptor or tl.make_tensor_descriptor instead.")
/usr/local/lib/python3.12/dist-packages/triton/language/core.py:2284: UserWarning: tl.make_block_ptr is deprecated. Use TensorDescriptor or tl.make_tensor_descriptor instead.
  warn("tl.make_block_ptr is deprecated. Use TensorDescriptor or tl.make_tensor_descriptor instead.")
/usr/local/lib/python3.12/dist-packages/triton/language/core.py:2284: UserWarning: tl.make_block_ptr is deprecated. Use TensorDescriptor or tl.make_tensor_descriptor instead.
  warn("tl.make_block_ptr is deprecated. Use TensorDescriptor or tl.make_tensor_descriptor instead.")
/usr/local/lib/python3.12/dist-packages/triton/language/core.py:2284: UserWarning: tl.make_block_ptr is deprecated. Use TensorDescriptor or tl.make_tensor_descriptor instead.
  warn("tl.make_block_ptr is deprecated. Use TensorDescriptor or tl.make_tensor_descriptor instead.")
/usr/local/lib/python3.12/dist-packages/triton/language/core.py:2284: UserWarning: tl.make_block_ptr is deprecated. Use TensorDescriptor or tl.make_tensor_descriptor instead.
  warn("tl.make_block_ptr is deprecated. Use TensorDescriptor or tl.make_tensor_descriptor instead.")
/usr/local/lib/python3.12/dist-packages/triton/language/core.py:2284: UserWarning: tl.make_block_ptr is deprecated. Use TensorDescriptor or tl.make_tensor_descriptor instead.
  warn("tl.make_block_ptr is deprecated. Use TensorDescriptor or tl.make_tensor_descriptor instead.")
/usr/local/lib/python3.12/dist-packages/triton/language/core.py:2284: UserWarning: tl.make_block_ptr is deprecated. Use TensorDescriptor or tl.make_tensor_descriptor instead.
  warn("tl.make_block_ptr is deprecated. Use TensorDescriptor or tl.make_tensor_descriptor instead.")
/usr/local/lib/python3.12/dist-packages/triton/language/core.py:2284: UserWarning: tl.make_block_ptr is deprecated. Use TensorDescriptor or tl.make_tensor_descriptor instead.
  warn("tl.make_block_ptr is deprecated. Use TensorDescriptor or tl.make_tensor_descriptor instead.")
/usr/local/lib/python3.12/dist-packages/triton/language/core.py:2284: UserWarning: tl.make_block_ptr is deprecated. Use TensorDescriptor or tl.make_tensor_descriptor instead.
  warn("tl.make_block_ptr is deprecated. Use TensorDescriptor or tl.make_tensor_descriptor instead.")
/usr/local/lib/python3.12/dist-packages/triton/language/core.py:2284: UserWarning: tl.make_block_ptr is deprecated. Use TensorDescriptor or tl.make_tensor_descriptor instead.
  warn("tl.make_block_ptr is deprecated. Use TensorDescriptor or tl.make_tensor_descriptor instead.")
/usr/local/lib/python3.12/dist-packages/triton/language/core.py:2284: UserWarning: tl.make_block_ptr is deprecated. Use TensorDescriptor or tl.make_tensor_descriptor instead.
  warn("tl.make_block_ptr is deprecated. Use TensorDescriptor or tl.make_tensor_descriptor instead.")
/usr/local/lib/python3.12/dist-packages/triton/language/core.py:2284: UserWarning: tl.make_block_ptr is deprecated. Use TensorDescriptor or tl.make_tensor_descriptor instead.
  warn("tl.make_block_ptr is deprecated. Use TensorDescriptor or tl.make_tensor_descriptor instead.")
/usr/local/lib/python3.12/dist-packages/triton/language/core.py:2284: UserWarning: tl.make_block_ptr is deprecated. Use TensorDescriptor or tl.make_tensor_descriptor instead.
  warn("tl.make_block_ptr is deprecated. Use TensorDescriptor or tl.make_tensor_descriptor instead.")
/usr/local/lib/python3.12/dist-packages/triton/language/core.py:2284: UserWarning: tl.make_block_ptr is deprecated. Use TensorDescriptor or tl.make_tensor_descriptor instead.
  warn("tl.make_block_ptr is deprecated. Use TensorDescriptor or tl.make_tensor_descriptor instead.")
/usr/local/lib/python3.12/dist-packages/triton/language/core.py:2284: UserWarning: tl.make_block_ptr is deprecated. Use TensorDescriptor or tl.make_tensor_descriptor instead.
  warn("tl.make_block_ptr is deprecated. Use TensorDescriptor or tl.make_tensor_descriptor instead.")
/usr/local/lib/python3.12/dist-packages/triton/language/core.py:2284: UserWarning: tl.make_block_ptr is deprecated. Use TensorDescriptor or tl.make_tensor_descriptor instead.
  warn("tl.make_block_ptr is deprecated. Use TensorDescriptor or tl.make_tensor_descriptor instead.")
/usr/local/lib/python3.12/dist-packages/triton/language/core.py:2284: UserWarning: tl.make_block_ptr is deprecated. Use TensorDescriptor or tl.make_tensor_descriptor instead.
  warn("tl.make_block_ptr is deprecated. Use TensorDescriptor or tl.make_tensor_descriptor instead.")
/usr/local/lib/python3.12/dist-packages/triton/language/core.py:2284: UserWarning: tl.make_block_ptr is deprecated. Use TensorDescriptor or tl.make_tensor_descriptor instead.
  warn("tl.make_block_ptr is deprecated. Use TensorDescriptor or tl.make_tensor_descriptor instead.")
/usr/local/lib/python3.12/dist-packages/triton/language/core.py:2284: UserWarning: tl.make_block_ptr is deprecated. Use TensorDescriptor or tl.make_tensor_descriptor instead.
  warn("tl.make_block_ptr is deprecated. Use TensorDescriptor or tl.make_tensor_descriptor instead.")
/usr/local/lib/python3.12/dist-packages/triton/language/core.py:2284: UserWarning: tl.make_block_ptr is deprecated. Use TensorDescriptor or tl.make_tensor_descriptor instead.
  warn("tl.make_block_ptr is deprecated. Use TensorDescriptor or tl.make_tensor_descriptor instead.")
/usr/local/lib/python3.12/dist-packages/triton/language/core.py:2284: UserWarning: tl.make_block_ptr is deprecated. Use TensorDescriptor or tl.make_tensor_descriptor instead.
  warn("tl.make_block_ptr is deprecated. Use TensorDescriptor or tl.make_tensor_descriptor instead.")
/usr/local/lib/python3.12/dist-packages/triton/language/core.py:2284: UserWarning: tl.make_block_ptr is deprecated. Use TensorDescriptor or tl.make_tensor_descriptor instead.
  warn("tl.make_block_ptr is deprecated. Use TensorDescriptor or tl.make_tensor_descriptor instead.")
/usr/local/lib/python3.12/dist-packages/triton/language/core.py:2284: UserWarning: tl.make_block_ptr is deprecated. Use TensorDescriptor or tl.make_tensor_descriptor instead.
  warn("tl.make_block_ptr is deprecated. Use TensorDescriptor or tl.make_tensor_descriptor instead.")
/usr/local/lib/python3.12/dist-packages/triton/language/core.py:2284: UserWarning: tl.make_block_ptr is deprecated. Use TensorDescriptor or tl.make_tensor_descriptor instead.
  warn("tl.make_block_ptr is deprecated. Use TensorDescriptor or tl.make_tensor_descriptor instead.")
/usr/local/lib/python3.12/dist-packages/torch/_dynamo/variables/functions.py:2496: UserWarning: Dynamo detected a call to a `functools.lru_cache`-wrapped function at '_common.py:76'. Dynamo ignores the cache wrapper and directly traces the wrapped function. Silent incorrectness is only a *potential* risk, not something we have observed. Enable TORCH_LOGS=+dynamo for a DEBUG stack trace.

This call originates from:
  File "/opt/venv/lib/python3.12/site-packages/transformer_engine/pytorch/ops/_common.py", line 76, in maybe_autocast_dtype
    if torch_version() >= (2, 4, 3):

  torch._dynamo.utils.warn_once(msg)
/usr/local/lib/python3.12/dist-packages/torch/_dynamo/variables/functions.py:2348: UserWarning: Dynamo does not know how to trace the builtin `transformer_engine_torch.pybind11_detail_function_record_v1_system_libstdcpp_gxx_abi_1xxx_use_cxx11_abi_1.rmsnorm_fwd.` This function is either a Python builtin (e.g. _warnings.warn) or a third-party C/C++ Python extension (perhaps created with pybind).
If it is a Python builtin, please file an issue on GitHub so the PyTorch team can add support for it and see the next case for a workaround.
If it is a third-party C/C++ Python extension, please either wrap it into a PyTorch-understood custom operator (see https://pytorch.org/tutorials/advanced/custom_ops_landing_page.html for more details) or, if it is traceable, use `torch.compiler.allow_in_graph`.
  torch._dynamo.utils.warn_once(explanation + "\n" + "\n".join(hints))
/usr/local/lib/python3.12/dist-packages/torch/_dynamo/variables/functions.py:2496: UserWarning: Dynamo detected a call to a `functools.lru_cache`-wrapped function at '_common.py:76'. Dynamo ignores the cache wrapper and directly traces the wrapped function. Silent incorrectness is only a *potential* risk, not something we have observed. Enable TORCH_LOGS=+dynamo for a DEBUG stack trace.

This call originates from:
  File "/opt/venv/lib/python3.12/site-packages/transformer_engine/pytorch/ops/_common.py", line 76, in maybe_autocast_dtype
    if torch_version() >= (2, 4, 3):

  torch._dynamo.utils.warn_once(msg)
/usr/local/lib/python3.12/dist-packages/torch/_dynamo/variables/functions.py:2348: UserWarning: Dynamo does not know how to trace the builtin `transformer_engine_torch.pybind11_detail_function_record_v1_system_libstdcpp_gxx_abi_1xxx_use_cxx11_abi_1.rmsnorm_fwd.` This function is either a Python builtin (e.g. _warnings.warn) or a third-party C/C++ Python extension (perhaps created with pybind).
If it is a Python builtin, please file an issue on GitHub so the PyTorch team can add support for it and see the next case for a workaround.
If it is a third-party C/C++ Python extension, please either wrap it into a PyTorch-understood custom operator (see https://pytorch.org/tutorials/advanced/custom_ops_landing_page.html for more details) or, if it is traceable, use `torch.compiler.allow_in_graph`.
  torch._dynamo.utils.warn_once(explanation + "\n" + "\n".join(hints))
/usr/local/lib/python3.12/dist-packages/torch/_dynamo/variables/functions.py:2496: UserWarning: Dynamo detected a call to a `functools.lru_cache`-wrapped function at '_common.py:76'. Dynamo ignores the cache wrapper and directly traces the wrapped function. Silent incorrectness is only a *potential* risk, not something we have observed. Enable TORCH_LOGS=+dynamo for a DEBUG stack trace.

This call originates from:
  File "/opt/venv/lib/python3.12/site-packages/transformer_engine/pytorch/ops/_common.py", line 76, in maybe_autocast_dtype
    if torch_version() >= (2, 4, 3):

  torch._dynamo.utils.warn_once(msg)
/usr/local/lib/python3.12/dist-packages/torch/_dynamo/variables/functions.py:2348: UserWarning: Dynamo does not know how to trace the builtin `transformer_engine_torch.pybind11_detail_function_record_v1_system_libstdcpp_gxx_abi_1xxx_use_cxx11_abi_1.rmsnorm_fwd.` This function is either a Python builtin (e.g. _warnings.warn) or a third-party C/C++ Python extension (perhaps created with pybind).
If it is a Python builtin, please file an issue on GitHub so the PyTorch team can add support for it and see the next case for a workaround.
If it is a third-party C/C++ Python extension, please either wrap it into a PyTorch-understood custom operator (see https://pytorch.org/tutorials/advanced/custom_ops_landing_page.html for more details) or, if it is traceable, use `torch.compiler.allow_in_graph`.
  torch._dynamo.utils.warn_once(explanation + "\n" + "\n".join(hints))
/usr/local/lib/python3.12/dist-packages/torch/_dynamo/variables/functions.py:2496: UserWarning: Dynamo detected a call to a `functools.lru_cache`-wrapped function at '_common.py:76'. Dynamo ignores the cache wrapper and directly traces the wrapped function. Silent incorrectness is only a *potential* risk, not something we have observed. Enable TORCH_LOGS=+dynamo for a DEBUG stack trace.

This call originates from:
  File "/opt/venv/lib/python3.12/site-packages/transformer_engine/pytorch/ops/_common.py", line 76, in maybe_autocast_dtype
    if torch_version() >= (2, 4, 3):

  torch._dynamo.utils.warn_once(msg)
/usr/local/lib/python3.12/dist-packages/torch/_dynamo/variables/functions.py:2348: UserWarning: Dynamo does not know how to trace the builtin `transformer_engine_torch.pybind11_detail_function_record_v1_system_libstdcpp_gxx_abi_1xxx_use_cxx11_abi_1.rmsnorm_fwd.` This function is either a Python builtin (e.g. _warnings.warn) or a third-party C/C++ Python extension (perhaps created with pybind).
If it is a Python builtin, please file an issue on GitHub so the PyTorch team can add support for it and see the next case for a workaround.
If it is a third-party C/C++ Python extension, please either wrap it into a PyTorch-understood custom operator (see https://pytorch.org/tutorials/advanced/custom_ops_landing_page.html for more details) or, if it is traceable, use `torch.compiler.allow_in_graph`.
  torch._dynamo.utils.warn_once(explanation + "\n" + "\n".join(hints))
WARNING:DotProductAttention:flash-attn v4 may provide important feature support or performance improvement. Please install flash-attn v4 by 
pip install flash-attn-4==4.0.0b11 nvidia-cutlass-dsl[cu13]
/usr/local/lib/python3.12/dist-packages/triton/language/core.py:2284: UserWarning: tl.make_block_ptr is deprecated. Use TensorDescriptor or tl.make_tensor_descriptor instead.
  warn("tl.make_block_ptr is deprecated. Use TensorDescriptor or tl.make_tensor_descriptor instead.")
/usr/local/lib/python3.12/dist-packages/triton/language/core.py:2284: UserWarning: tl.make_block_ptr is deprecated. Use TensorDescriptor or tl.make_tensor_descriptor instead.
  warn("tl.make_block_ptr is deprecated. Use TensorDescriptor or tl.make_tensor_descriptor instead.")
/usr/local/lib/python3.12/dist-packages/triton/language/core.py:2284: UserWarning: tl.make_block_ptr is deprecated. Use TensorDescriptor or tl.make_tensor_descriptor instead.
  warn("tl.make_block_ptr is deprecated. Use TensorDescriptor or tl.make_tensor_descriptor instead.")
/usr/local/lib/python3.12/dist-packages/triton/language/core.py:2284: UserWarning: tl.make_block_ptr is deprecated. Use TensorDescriptor or tl.make_tensor_descriptor instead.
  warn("tl.make_block_ptr is deprecated. Use TensorDescriptor or tl.make_tensor_descriptor instead.")
/usr/local/lib/python3.12/dist-packages/triton/language/core.py:2284: UserWarning: tl.make_block_ptr is deprecated. Use TensorDescriptor or tl.make_tensor_descriptor instead.
  warn("tl.make_block_ptr is deprecated. Use TensorDescriptor or tl.make_tensor_descriptor instead.")
/usr/local/lib/python3.12/dist-packages/triton/language/core.py:2284: UserWarning: tl.make_block_ptr is deprecated. Use TensorDescriptor or tl.make_tensor_descriptor instead.
  warn("tl.make_block_ptr is deprecated. Use TensorDescriptor or tl.make_tensor_descriptor instead.")
/usr/local/lib/python3.12/dist-packages/triton/language/core.py:2284: UserWarning: tl.make_block_ptr is deprecated. Use TensorDescriptor or tl.make_tensor_descriptor instead.
  warn("tl.make_block_ptr is deprecated. Use TensorDescriptor or tl.make_tensor_descriptor instead.")
/usr/local/lib/python3.12/dist-packages/triton/language/core.py:2284: UserWarning: tl.make_block_ptr is deprecated. Use TensorDescriptor or tl.make_tensor_descriptor instead.
  warn("tl.make_block_ptr is deprecated. Use TensorDescriptor or tl.make_tensor_descriptor instead.")
/usr/local/lib/python3.12/dist-packages/triton/language/core.py:2284: UserWarning: tl.make_block_ptr is deprecated. Use TensorDescriptor or tl.make_tensor_descriptor instead.
  warn("tl.make_block_ptr is deprecated. Use TensorDescriptor or tl.make_tensor_descriptor instead.")
/usr/local/lib/python3.12/dist-packages/triton/language/core.py:2284: UserWarning: tl.make_block_ptr is deprecated. Use TensorDescriptor or tl.make_tensor_descriptor instead.
  warn("tl.make_block_ptr is deprecated. Use TensorDescriptor or tl.make_tensor_descriptor instead.")
/usr/local/lib/python3.12/dist-packages/triton/language/core.py:2284: UserWarning: tl.make_block_ptr is deprecated. Use TensorDescriptor or tl.make_tensor_descriptor instead.
  warn("tl.make_block_ptr is deprecated. Use TensorDescriptor or tl.make_tensor_descriptor instead.")
/usr/local/lib/python3.12/dist-packages/triton/language/core.py:2284: UserWarning: tl.make_block_ptr is deprecated. Use TensorDescriptor or tl.make_tensor_descriptor instead.
  warn("tl.make_block_ptr is deprecated. Use TensorDescriptor or tl.make_tensor_descriptor instead.")
/usr/local/lib/python3.12/dist-packages/triton/language/core.py:2284: UserWarning: tl.make_block_ptr is deprecated. Use TensorDescriptor or tl.make_tensor_descriptor instead.
  warn("tl.make_block_ptr is deprecated. Use TensorDescriptor or tl.make_tensor_descriptor instead.")
/usr/local/lib/python3.12/dist-packages/triton/language/core.py:2284: UserWarning: tl.make_block_ptr is deprecated. Use TensorDescriptor or tl.make_tensor_descriptor instead.
  warn("tl.make_block_ptr is deprecated. Use TensorDescriptor or tl.make_tensor_descriptor instead.")
/usr/local/lib/python3.12/dist-packages/triton/language/core.py:2284: UserWarning: tl.make_block_ptr is deprecated. Use TensorDescriptor or tl.make_tensor_descriptor instead.
  warn("tl.make_block_ptr is deprecated. Use TensorDescriptor or tl.make_tensor_descriptor instead.")
/usr/local/lib/python3.12/dist-packages/triton/language/core.py:2284: UserWarning: tl.make_block_ptr is deprecated. Use TensorDescriptor or tl.make_tensor_descriptor instead.
  warn("tl.make_block_ptr is deprecated. Use TensorDescriptor or tl.make_tensor_descriptor instead.")
/usr/local/lib/python3.12/dist-packages/triton/language/core.py:2284: UserWarning: tl.make_block_ptr is deprecated. Use TensorDescriptor or tl.make_tensor_descriptor instead.
  warn("tl.make_block_ptr is deprecated. Use TensorDescriptor or tl.make_tensor_descriptor instead.")
/usr/local/lib/python3.12/dist-packages/triton/language/core.py:2284: UserWarning: tl.make_block_ptr is deprecated. Use TensorDescriptor or tl.make_tensor_descriptor instead.
  warn("tl.make_block_ptr is deprecated. Use TensorDescriptor or tl.make_tensor_descriptor instead.")
/usr/local/lib/python3.12/dist-packages/triton/language/core.py:2284: UserWarning: tl.make_block_ptr is deprecated. Use TensorDescriptor or tl.make_tensor_descriptor instead.
  warn("tl.make_block_ptr is deprecated. Use TensorDescriptor or tl.make_tensor_descriptor instead.")
/usr/local/lib/python3.12/dist-packages/triton/language/core.py:2284: UserWarning: tl.make_block_ptr is deprecated. Use TensorDescriptor or tl.make_tensor_descriptor instead.
  warn("tl.make_block_ptr is deprecated. Use TensorDescriptor or tl.make_tensor_descriptor instead.")
/usr/local/lib/python3.12/dist-packages/triton/language/core.py:2284: UserWarning: tl.make_block_ptr is deprecated. Use TensorDescriptor or tl.make_tensor_descriptor instead.
  warn("tl.make_block_ptr is deprecated. Use TensorDescriptor or tl.make_tensor_descriptor instead.")
/usr/local/lib/python3.12/dist-packages/triton/language/core.py:2284: UserWarning: tl.make_block_ptr is deprecated. Use TensorDescriptor or tl.make_tensor_descriptor instead.
  warn("tl.make_block_ptr is deprecated. Use TensorDescriptor or tl.make_tensor_descriptor instead.")
/usr/local/lib/python3.12/dist-packages/triton/language/core.py:2284: UserWarning: tl.make_block_ptr is deprecated. Use TensorDescriptor or tl.make_tensor_descriptor instead.
  warn("tl.make_block_ptr is deprecated. Use TensorDescriptor or tl.make_tensor_descriptor instead.")
/usr/local/lib/python3.12/dist-packages/triton/language/core.py:2284: UserWarning: tl.make_block_ptr is deprecated. Use TensorDescriptor or tl.make_tensor_descriptor instead.
  warn("tl.make_block_ptr is deprecated. Use TensorDescriptor or tl.make_tensor_descriptor instead.")
/usr/local/lib/python3.12/dist-packages/torch/_dynamo/variables/functions.py:2496: UserWarning: Dynamo detected a call to a `functools.lru_cache`-wrapped function at '_common.py:76'. Dynamo ignores the cache wrapper and directly traces the wrapped function. Silent incorrectness is only a *potential* risk, not something we have observed. Enable TORCH_LOGS=+dynamo for a DEBUG stack trace.

This call originates from:
  File "/opt/venv/lib/python3.12/site-packages/transformer_engine/pytorch/ops/_common.py", line 76, in maybe_autocast_dtype
    if torch_version() >= (2, 4, 3):

  torch._dynamo.utils.warn_once(msg)
/usr/local/lib/python3.12/dist-packages/torch/_dynamo/variables/functions.py:2348: UserWarning: Dynamo does not know how to trace the builtin `transformer_engine_torch.pybind11_detail_function_record_v1_system_libstdcpp_gxx_abi_1xxx_use_cxx11_abi_1.rmsnorm_fwd.` This function is either a Python builtin (e.g. _warnings.warn) or a third-party C/C++ Python extension (perhaps created with pybind).
If it is a Python builtin, please file an issue on GitHub so the PyTorch team can add support for it and see the next case for a workaround.
If it is a third-party C/C++ Python extension, please either wrap it into a PyTorch-understood custom operator (see https://pytorch.org/tutorials/advanced/custom_ops_landing_page.html for more details) or, if it is traceable, use `torch.compiler.allow_in_graph`.
  torch._dynamo.utils.warn_once(explanation + "\n" + "\n".join(hints))
/usr/local/lib/python3.12/dist-packages/torch/_dynamo/variables/functions.py:2496: UserWarning: Dynamo detected a call to a `functools.lru_cache`-wrapped function at '_common.py:76'. Dynamo ignores the cache wrapper and directly traces the wrapped function. Silent incorrectness is only a *potential* risk, not something we have observed. Enable TORCH_LOGS=+dynamo for a DEBUG stack trace.

This call originates from:
  File "/opt/venv/lib/python3.12/site-packages/transformer_engine/pytorch/ops/_common.py", line 76, in maybe_autocast_dtype
    if torch_version() >= (2, 4, 3):

  torch._dynamo.utils.warn_once(msg)
/usr/local/lib/python3.12/dist-packages/torch/_dynamo/variables/functions.py:2348: UserWarning: Dynamo does not know how to trace the builtin `transformer_engine_torch.pybind11_detail_function_record_v1_system_libstdcpp_gxx_abi_1xxx_use_cxx11_abi_1.rmsnorm_fwd.` This function is either a Python builtin (e.g. _warnings.warn) or a third-party C/C++ Python extension (perhaps created with pybind).
If it is a Python builtin, please file an issue on GitHub so the PyTorch team can add support for it and see the next case for a workaround.
If it is a third-party C/C++ Python extension, please either wrap it into a PyTorch-understood custom operator (see https://pytorch.org/tutorials/advanced/custom_ops_landing_page.html for more details) or, if it is traceable, use `torch.compiler.allow_in_graph`.
  torch._dynamo.utils.warn_once(explanation + "\n" + "\n".join(hints))
/usr/local/lib/python3.12/dist-packages/torch/_dynamo/variables/functions.py:2496: UserWarning: Dynamo detected a call to a `functools.lru_cache`-wrapped function at '_common.py:76'. Dynamo ignores the cache wrapper and directly traces the wrapped function. Silent incorrectness is only a *potential* risk, not something we have observed. Enable TORCH_LOGS=+dynamo for a DEBUG stack trace.

This call originates from:
  File "/opt/venv/lib/python3.12/site-packages/transformer_engine/pytorch/ops/_common.py", line 76, in maybe_autocast_dtype
    if torch_version() >= (2, 4, 3):

  torch._dynamo.utils.warn_once(msg)
/usr/local/lib/python3.12/dist-packages/torch/_dynamo/variables/functions.py:2496: UserWarning: Dynamo detected a call to a `functools.lru_cache`-wrapped function at '_common.py:76'. Dynamo ignores the cache wrapper and directly traces the wrapped function. Silent incorrectness is only a *potential* risk, not something we have observed. Enable TORCH_LOGS=+dynamo for a DEBUG stack trace.

This call originates from:
  File "/opt/venv/lib/python3.12/site-packages/transformer_engine/pytorch/ops/_common.py", line 76, in maybe_autocast_dtype
    if torch_version() >= (2, 4, 3):

  torch._dynamo.utils.warn_once(msg)
/usr/local/lib/python3.12/dist-packages/torch/_dynamo/variables/functions.py:2348: UserWarning: Dynamo does not know how to trace the builtin `transformer_engine_torch.pybind11_detail_function_record_v1_system_libstdcpp_gxx_abi_1xxx_use_cxx11_abi_1.rmsnorm_fwd.` This function is either a Python builtin (e.g. _warnings.warn) or a third-party C/C++ Python extension (perhaps created with pybind).
If it is a Python builtin, please file an issue on GitHub so the PyTorch team can add support for it and see the next case for a workaround.
If it is a third-party C/C++ Python extension, please either wrap it into a PyTorch-understood custom operator (see https://pytorch.org/tutorials/advanced/custom_ops_landing_page.html for more details) or, if it is traceable, use `torch.compiler.allow_in_graph`.
  torch._dynamo.utils.warn_once(explanation + "\n" + "\n".join(hints))
/usr/local/lib/python3.12/dist-packages/torch/_dynamo/variables/functions.py:2348: UserWarning: Dynamo does not know how to trace the builtin `transformer_engine_torch.pybind11_detail_function_record_v1_system_libstdcpp_gxx_abi_1xxx_use_cxx11_abi_1.rmsnorm_fwd.` This function is either a Python builtin (e.g. _warnings.warn) or a third-party C/C++ Python extension (perhaps created with pybind).
If it is a Python builtin, please file an issue on GitHub so the PyTorch team can add support for it and see the next case for a workaround.
If it is a third-party C/C++ Python extension, please either wrap it into a PyTorch-understood custom operator (see https://pytorch.org/tutorials/advanced/custom_ops_landing_page.html for more details) or, if it is traceable, use `torch.compiler.allow_in_graph`.
  torch._dynamo.utils.warn_once(explanation + "\n" + "\n".join(hints))
/opt/Megatron-Bridge/3rdparty/Megatron-LM/megatron/core/tensor_parallel/layers.py:856: UserWarning: When using async grad allreduce it is recommended to set the environment variable CUDA_DEVICE_MAX_CONNECTIONS to 1 for maximum speedup
  warnings.warn(
/opt/Megatron-Bridge/3rdparty/Megatron-LM/megatron/core/tensor_parallel/layers.py:856: UserWarning: When using async grad allreduce it is recommended to set the environment variable CUDA_DEVICE_MAX_CONNECTIONS to 1 for maximum speedup
  warnings.warn(
/opt/Megatron-Bridge/3rdparty/Megatron-LM/megatron/core/tensor_parallel/layers.py:856: UserWarning: When using async grad allreduce it is recommended to set the environment variable CUDA_DEVICE_MAX_CONNECTIONS to 1 for maximum speedup
  warnings.warn(
/opt/Megatron-Bridge/3rdparty/Megatron-LM/megatron/core/tensor_parallel/layers.py:856: UserWarning: When using async grad allreduce it is recommended to set the environment variable CUDA_DEVICE_MAX_CONNECTIONS to 1 for maximum speedup
  warnings.warn(
/usr/local/lib/python3.12/dist-packages/triton/language/core.py:2284: UserWarning: tl.make_block_ptr is deprecated. Use TensorDescriptor or tl.make_tensor_descriptor instead.
  warn("tl.make_block_ptr is deprecated. Use TensorDescriptor or tl.make_tensor_descriptor instead.")
/usr/local/lib/python3.12/dist-packages/triton/language/core.py:2284: UserWarning: tl.make_block_ptr is deprecated. Use TensorDescriptor or tl.make_tensor_descriptor instead.
  warn("tl.make_block_ptr is deprecated. Use TensorDescriptor or tl.make_tensor_descriptor instead.")
/usr/local/lib/python3.12/dist-packages/triton/language/core.py:2284: UserWarning: tl.make_block_ptr is deprecated. Use TensorDescriptor or tl.make_tensor_descriptor instead.
  warn("tl.make_block_ptr is deprecated. Use TensorDescriptor or tl.make_tensor_descriptor instead.")
/usr/local/lib/python3.12/dist-packages/triton/language/core.py:2284: UserWarning: tl.make_block_ptr is deprecated. Use TensorDescriptor or tl.make_tensor_descriptor instead.
  warn("tl.make_block_ptr is deprecated. Use TensorDescriptor or tl.make_tensor_descriptor instead.")
/opt/Megatron-Bridge/3rdparty/Megatron-LM/megatron/core/pipeline_parallel/schedules.py:220: UserWarning: The AccumulateGrad node's stream does not match the stream of the node that produced the incoming gradient. This may incur unnecessary synchronization and break CUDA graph capture if the AccumulateGrad node's stream is the default stream. This mismatch is caused by an AccumulateGrad node created prior to the current iteration being kept alive. This can happen if the autograd graph is still being kept alive by tensors such as the loss, or if you are using DDP, which will stash a reference to the node. To resolve the mismatch, delete all references to the autograd graph or ensure that DDP initialization is performed under the same stream as subsequent forwards. If the mismatch is intentional, you can use torch.autograd.graph.set_warn_on_accumulate_grad_stream_mismatch(False) to suppress this warning. (Triggered internally at /opt/pytorch/pytorch/torch/csrc/autograd/input_buffer.cpp:310.)
  Variable._execution_engine.run_backward(
/opt/Megatron-Bridge/3rdparty/Megatron-LM/megatron/core/pipeline_parallel/schedules.py:220: UserWarning: The AccumulateGrad node's stream does not match the stream of the node that produced the incoming gradient. This may incur unnecessary synchronization and break CUDA graph capture if the AccumulateGrad node's stream is the default stream. This mismatch is caused by an AccumulateGrad node created prior to the current iteration being kept alive. This can happen if the autograd graph is still being kept alive by tensors such as the loss, or if you are using DDP, which will stash a reference to the node. To resolve the mismatch, delete all references to the autograd graph or ensure that DDP initialization is performed under the same stream as subsequent forwards. If the mismatch is intentional, you can use torch.autograd.graph.set_warn_on_accumulate_grad_stream_mismatch(False) to suppress this warning. (Triggered internally at /opt/pytorch/pytorch/torch/csrc/autograd/input_buffer.cpp:310.)
  Variable._execution_engine.run_backward(
/opt/Megatron-Bridge/3rdparty/Megatron-LM/megatron/core/pipeline_parallel/schedules.py:220: UserWarning: The AccumulateGrad node's stream does not match the stream of the node that produced the incoming gradient. This may incur unnecessary synchronization and break CUDA graph capture if the AccumulateGrad node's stream is the default stream. This mismatch is caused by an AccumulateGrad node created prior to the current iteration being kept alive. This can happen if the autograd graph is still being kept alive by tensors such as the loss, or if you are using DDP, which will stash a reference to the node. To resolve the mismatch, delete all references to the autograd graph or ensure that DDP initialization is performed under the same stream as subsequent forwards. If the mismatch is intentional, you can use torch.autograd.graph.set_warn_on_accumulate_grad_stream_mismatch(False) to suppress this warning. (Triggered internally at /opt/pytorch/pytorch/torch/csrc/autograd/input_buffer.cpp:310.)
  Variable._execution_engine.run_backward(
/opt/Megatron-Bridge/3rdparty/Megatron-LM/megatron/core/pipeline_parallel/schedules.py:220: UserWarning: The AccumulateGrad node's stream does not match the stream of the node that produced the incoming gradient. This may incur unnecessary synchronization and break CUDA graph capture if the AccumulateGrad node's stream is the default stream. This mismatch is caused by an AccumulateGrad node created prior to the current iteration being kept alive. This can happen if the autograd graph is still being kept alive by tensors such as the loss, or if you are using DDP, which will stash a reference to the node. To resolve the mismatch, delete all references to the autograd graph or ensure that DDP initialization is performed under the same stream as subsequent forwards. If the mismatch is intentional, you can use torch.autograd.graph.set_warn_on_accumulate_grad_stream_mismatch(False) to suppress this warning. (Triggered internally at /opt/pytorch/pytorch/torch/csrc/autograd/input_buffer.cpp:310.)
  Variable._execution_engine.run_backward(
/usr/local/lib/python3.12/dist-packages/triton/language/core.py:2284: UserWarning: tl.make_block_ptr is deprecated. Use TensorDescriptor or tl.make_tensor_descriptor instead.
  warn("tl.make_block_ptr is deprecated. Use TensorDescriptor or tl.make_tensor_descriptor instead.")
/usr/local/lib/python3.12/dist-packages/triton/language/core.py:2284: UserWarning: tl.make_block_ptr is deprecated. Use TensorDescriptor or tl.make_tensor_descriptor instead.
  warn("tl.make_block_ptr is deprecated. Use TensorDescriptor or tl.make_tensor_descriptor instead.")
/usr/local/lib/python3.12/dist-packages/triton/language/core.py:2284: UserWarning: tl.make_block_ptr is deprecated. Use TensorDescriptor or tl.make_tensor_descriptor instead.
  warn("tl.make_block_ptr is deprecated. Use TensorDescriptor or tl.make_tensor_descriptor instead.")
/usr/local/lib/python3.12/dist-packages/triton/language/core.py:2284: UserWarning: tl.make_block_ptr is deprecated. Use TensorDescriptor or tl.make_tensor_descriptor instead.
  warn("tl.make_block_ptr is deprecated. Use TensorDescriptor or tl.make_tensor_descriptor instead.")
/opt/Megatron-Bridge/3rdparty/Megatron-LM/megatron/core/pipeline_parallel/schedules.py:220: UserWarning: The AccumulateGrad node's stream does not match the stream of the node that produced the incoming gradient. This may incur unnecessary synchronization and break CUDA graph capture if the AccumulateGrad node's stream is the default stream. This mismatch is caused by an AccumulateGrad node created prior to the current iteration being kept alive. This can happen if the autograd graph is still being kept alive by tensors such as the loss, or if you are using DDP, which will stash a reference to the node. To resolve the mismatch, delete all references to the autograd graph or ensure that DDP initialization is performed under the same stream as subsequent forwards. If the mismatch is intentional, you can use torch.autograd.graph.set_warn_on_accumulate_grad_stream_mismatch(False) to suppress this warning. (Triggered internally at /opt/pytorch/pytorch/torch/csrc/autograd/input_buffer.cpp:310.)
  Variable._execution_engine.run_backward(
/opt/Megatron-Bridge/3rdparty/Megatron-LM/megatron/core/pipeline_parallel/schedules.py:220: UserWarning: The AccumulateGrad node's stream does not match the stream of the node that produced the incoming gradient. This may incur unnecessary synchronization and break CUDA graph capture if the AccumulateGrad node's stream is the default stream. This mismatch is caused by an AccumulateGrad node created prior to the current iteration being kept alive. This can happen if the autograd graph is still being kept alive by tensors such as the loss, or if you are using DDP, which will stash a reference to the node. To resolve the mismatch, delete all references to the autograd graph or ensure that DDP initialization is performed under the same stream as subsequent forwards. If the mismatch is intentional, you can use torch.autograd.graph.set_warn_on_accumulate_grad_stream_mismatch(False) to suppress this warning. (Triggered internally at /opt/pytorch/pytorch/torch/csrc/autograd/input_buffer.cpp:310.)
  Variable._execution_engine.run_backward(
/opt/Megatron-Bridge/3rdparty/Megatron-LM/megatron/core/pipeline_parallel/schedules.py:220: UserWarning: The AccumulateGrad node's stream does not match the stream of the node that produced the incoming gradient. This may incur unnecessary synchronization and break CUDA graph capture if the AccumulateGrad node's stream is the default stream. This mismatch is caused by an AccumulateGrad node created prior to the current iteration being kept alive. This can happen if the autograd graph is still being kept alive by tensors such as the loss, or if you are using DDP, which will stash a reference to the node. To resolve the mismatch, delete all references to the autograd graph or ensure that DDP initialization is performed under the same stream as subsequent forwards. If the mismatch is intentional, you can use torch.autograd.graph.set_warn_on_accumulate_grad_stream_mismatch(False) to suppress this warning. (Triggered internally at /opt/pytorch/pytorch/torch/csrc/autograd/input_buffer.cpp:310.)
  Variable._execution_engine.run_backward(
/opt/Megatron-Bridge/3rdparty/Megatron-LM/megatron/core/pipeline_parallel/schedules.py:220: UserWarning: The AccumulateGrad node's stream does not match the stream of the node that produced the incoming gradient. This may incur unnecessary synchronization and break CUDA graph capture if the AccumulateGrad node's stream is the default stream. This mismatch is caused by an AccumulateGrad node created prior to the current iteration being kept alive. This can happen if the autograd graph is still being kept alive by tensors such as the loss, or if you are using DDP, which will stash a reference to the node. To resolve the mismatch, delete all references to the autograd graph or ensure that DDP initialization is performed under the same stream as subsequent forwards. If the mismatch is intentional, you can use torch.autograd.graph.set_warn_on_accumulate_grad_stream_mismatch(False) to suppress this warning. (Triggered internally at /opt/pytorch/pytorch/torch/csrc/autograd/input_buffer.cpp:310.)
  Variable._execution_engine.run_backward(
/usr/local/lib/python3.12/dist-packages/torch/distributed/c10d_logger.py:83: UserWarning: barrier(): using the device under current context. You can specify `device_id` in `init_process_group` to mute this warning.
  return func(*args, **kwargs)
Step Time : 180.58s GPU utilization: 2.7MODEL_TFLOP/s/GPU
Number of dense and embedding parameters in billions: 3.74
Total number of parameters in billions: 3.74
Number of dense and embedding parameters in most loaded shard in billions: 0.5469
Theoretical memory footprints: weight and optimizer=9388.84 MB
[Rank 2] (after 1 iterations) memory (GB) | mem-allocated-gigabytes: 12.682 | mem-active-gigabytes: 12.682 | mem-inactive-gigabytes: 0.37049 | mem-reserved-gigabytes: 18.088 | mem-max-allocated-gigabytes: 13.941 | mem-max-active-gigabytes: 13.941 | mem-max-inactive-gigabytes: 3.5059 | mem-max-reserved-gigabytes: 18.088 | mem-alloc-retires: 0 | mem-allocated-count: 1389
 [2026-10-04 19:37:45] iteration        1/      50 | consumed samples:           64 | elapsed time per iteration (ms): 180580.9 | learning rate: 1.000000E-05 | global batch size:    64 | lm loss: 8.398507E-01 | loss scale: 1.0 | grad norm: 37.756 | number of skipped iterations:   0 | number of nan iterations:   0 |[Rank 3] (after 1 iterations) memory (GB) | mem-allocated-gigabytes: 12.682 | mem-active-gigabytes: 12.682 | mem-inactive-gigabytes: 0.37049 | mem-reserved-gigabytes: 18.09 | mem-max-allocated-gigabytes: 13.941 | mem-max-active-gigabytes: 13.941 | mem-max-inactive-gigabytes: 3.5038 | mem-max-reserved-gigabytes: 18.09 | mem-alloc-retires: 0 | mem-allocated-count: 1389[Rank 1] (after 1 iterations) memory (GB) | mem-allocated-gigabytes: 12.682 | mem-active-gigabytes: 12.682 | mem-inactive-gigabytes: 0.37049 | mem-reserved-gigabytes: 18.088 | mem-max-allocated-gigabytes: 13.941 | mem-max-active-gigabytes: 13.941 | mem-max-inactive-gigabytes: 3.5069 | mem-max-reserved-gigabytes: 18.088 | mem-alloc-retires: 0 | mem-allocated-count: 1389[Rank 5] (after 1 iterations) memory (GB) | mem-allocated-gigabytes: 11.531 | mem-active-gigabytes: 11.531 | mem-inactive-gigabytes: 0.29706 | mem-reserved-gigabytes: 12.52 | mem-max-allocated-gigabytes: 11.531 | mem-max-active-gigabytes: 11.531 | mem-max-inactive-gigabytes: 0.75179 | mem-max-reserved-gigabytes: 12.52 | mem-alloc-retires: 0 | mem-allocated-count: 508

[Rank 0] (after 1 iterations) memory (GB) | mem-allocated-gigabytes: 12.682 | mem-active-gigabytes: 12.682 | mem-inactive-gigabytes: 0.37259 | mem-reserved-gigabytes: 18.086 | mem-max-allocated-gigabytes: 13.941 | mem-max-active-gigabytes: 13.941 | mem-max-inactive-gigabytes: 3.5143 | mem-max-reserved-gigabytes: 18.086 | mem-alloc-retires: 0 | mem-allocated-count: 1389


[Rank 6] (after 1 iterations) memory (GB) | mem-allocated-gigabytes: 11.531 | mem-active-gigabytes: 11.531 | mem-inactive-gigabytes: 0.29706 | mem-reserved-gigabytes: 12.52 | mem-max-allocated-gigabytes: 11.531 | mem-max-active-gigabytes: 11.531 | mem-max-inactive-gigabytes: 0.75179 | mem-max-reserved-gigabytes: 12.52 | mem-alloc-retires: 0 | mem-allocated-count: 508[Rank 7] (after 1 iterations) memory (GB) | mem-allocated-gigabytes: 11.531 | mem-active-gigabytes: 11.531 | mem-inactive-gigabytes: 0.29706 | mem-reserved-gigabytes: 12.52 | mem-max-allocated-gigabytes: 11.531 | mem-max-active-gigabytes: 11.531 | mem-max-inactive-gigabytes: 0.75179 | mem-max-reserved-gigabytes: 12.52 | mem-alloc-retires: 0 | mem-allocated-count: 508

[Rank 4] (after 1 iterations) memory (GB) | mem-allocated-gigabytes: 11.531 | mem-active-gigabytes: 11.531 | mem-inactive-gigabytes: 0.29706 | mem-reserved-gigabytes: 12.52 | mem-max-allocated-gigabytes: 11.531 | mem-max-active-gigabytes: 11.531 | mem-max-inactive-gigabytes: 0.75179 | mem-max-reserved-gigabytes: 12.52 | mem-alloc-retires: 0 | mem-allocated-count: 508
Step Time : 15.77s GPU utilization: 31.5MODEL_TFLOP/s/GPU
Number of dense and embedding parameters in billions: 3.74
Total number of parameters in billions: 3.74
Number of dense and embedding parameters in most loaded shard in billions: 0.5469
Theoretical memory footprints: weight and optimizer=9388.84 MB
[Rank 2] (after 2 iterations) memory (GB) | mem-allocated-gigabytes: 12.682 | mem-active-gigabytes: 12.682 | mem-inactive-gigabytes: 0.37469 | mem-reserved-gigabytes: 20.986 | mem-max-allocated-gigabytes: 19.481 | mem-max-active-gigabytes: 19.481 | mem-max-inactive-gigabytes: 3.5059 | mem-max-reserved-gigabytes: 20.986 | mem-alloc-retires: 0 | mem-allocated-count: 1389[Rank 1] (after 2 iterations) memory (GB) | mem-allocated-gigabytes: 12.682 | mem-active-gigabytes: 12.682 | mem-inactive-gigabytes: 0.37469 | mem-reserved-gigabytes: 20.984 | mem-max-allocated-gigabytes: 19.481 | mem-max-active-gigabytes: 19.481 | mem-max-inactive-gigabytes: 3.5069 | mem-max-reserved-gigabytes: 20.984 | mem-alloc-retires: 0 | mem-allocated-count: 1389
[Rank 3] (after 2 iterations) memory (GB) | mem-allocated-gigabytes: 12.682 | mem-active-gigabytes: 12.682 | mem-inactive-gigabytes: 0.37469 | mem-reserved-gigabytes: 20.982 | mem-max-allocated-gigabytes: 19.481 | mem-max-active-gigabytes: 19.481 | mem-max-inactive-gigabytes: 3.5038 | mem-max-reserved-gigabytes: 20.982 | mem-alloc-retires: 0 | mem-allocated-count: 1389[Rank 5] (after 2 iterations) memory (GB) | mem-allocated-gigabytes: 11.531 | mem-active-gigabytes: 11.531 | mem-inactive-gigabytes: 0.29706 | mem-reserved-gigabytes: 15.387 | mem-max-allocated-gigabytes: 14.695 | mem-max-active-gigabytes: 14.695 | mem-max-inactive-gigabytes: 0.75179 | mem-max-reserved-gigabytes: 15.387 | mem-alloc-retires: 0 | mem-allocated-count: 508 [2026-10-04 19:38:01] iteration        2/      50 | consumed samples:          128 | elapsed time per iteration (ms): 15771.0 | learning rate: 1.000000E-05 | global batch size:    64 | lm loss: 4.772125E-01 | loss scale: 1.0 | grad norm: 15.969 | number of skipped iterations:   0 | number of nan iterations:   0 |


[Rank 0] (after 2 iterations) memory (GB) | mem-allocated-gigabytes: 12.682 | mem-active-gigabytes: 12.682 | mem-inactive-gigabytes: 0.37678 | mem-reserved-gigabytes: 20.984 | mem-max-allocated-gigabytes: 19.481 | mem-max-active-gigabytes: 19.481 | mem-max-inactive-gigabytes: 3.5143 | mem-max-reserved-gigabytes: 20.984 | mem-alloc-retires: 0 | mem-allocated-count: 1389
[Rank 6] (after 2 iterations) memory (GB) | mem-allocated-gigabytes: 11.531 | mem-active-gigabytes: 11.531 | mem-inactive-gigabytes: 0.29706 | mem-reserved-gigabytes: 15.387 | mem-max-allocated-gigabytes: 14.695 | mem-max-active-gigabytes: 14.695 | mem-max-inactive-gigabytes: 0.75179 | mem-max-reserved-gigabytes: 15.387 | mem-alloc-retires: 0 | mem-allocated-count: 508
[Rank 4] (after 2 iterations) memory (GB) | mem-allocated-gigabytes: 11.531 | mem-active-gigabytes: 11.531 | mem-inactive-gigabytes: 0.29706 | mem-reserved-gigabytes: 15.387 | mem-max-allocated-gigabytes: 14.695 | mem-max-active-gigabytes: 14.695 | mem-max-inactive-gigabytes: 0.75179 | mem-max-reserved-gigabytes: 15.387 | mem-alloc-retires: 0 | mem-allocated-count: 508
[Rank 7] (after 2 iterations) memory (GB) | mem-allocated-gigabytes: 11.531 | mem-active-gigabytes: 11.531 | mem-inactive-gigabytes: 0.29706 | mem-reserved-gigabytes: 15.387 | mem-max-allocated-gigabytes: 14.695 | mem-max-active-gigabytes: 14.695 | mem-max-inactive-gigabytes: 0.75179 | mem-max-reserved-gigabytes: 15.387 | mem-alloc-retires: 0 | mem-allocated-count: 508

Step Time : 16.88s GPU utilization: 29.8MODEL_TFLOP/s/GPU
 [2026-10-04 19:38:18] iteration        3/      50 | consumed samples:          192 | elapsed time per iteration (ms): 16879.2 | learning rate: 1.000000E-05 | global batch size:    64 | lm loss: 2.385172E-01 | loss scale: 1.0 | grad norm: 24.156 | number of skipped iterations:   0 | number of nan iterations:   0 |
Step Time : 16.97s GPU utilization: 29.3MODEL_TFLOP/s/GPU
 [2026-10-04 19:38:35] iteration        4/      50 | consumed samples:          256 | elapsed time per iteration (ms): 16969.3 | learning rate: 1.000000E-05 | global batch size:    64 | lm loss: 1.273427E-01 | loss scale: 1.0 | grad norm: 10.811 | number of skipped iterations:   0 | number of nan iterations:   0 |
Step Time : 16.22s GPU utilization: 30.6MODEL_TFLOP/s/GPU
 [2026-10-04 19:38:51] iteration        5/      50 | consumed samples:          320 | elapsed time per iteration (ms): 16220.5 | learning rate: 1.000000E-05 | global batch size:    64 | lm loss: 1.675714E-01 | loss scale: 1.0 | grad norm: 27.817 | number of skipped iterations:   0 | number of nan iterations:   0 |
Step Time : 16.14s GPU utilization: 31.1MODEL_TFLOP/s/GPU
 [2026-10-04 19:39:07] iteration        6/      50 | consumed samples:          384 | elapsed time per iteration (ms): 16140.9 | learning rate: 1.000000E-05 | global batch size:    64 | lm loss: 1.825306E-01 | loss scale: 1.0 | grad norm: 20.813 | number of skipped iterations:   0 | number of nan iterations:   0 |
Step Time : 16.35s GPU utilization: 30.3MODEL_TFLOP/s/GPU
 [2026-10-04 19:39:24] iteration        7/      50 | consumed samples:          448 | elapsed time per iteration (ms): 16345.5 | learning rate: 1.000000E-05 | global batch size:    64 | lm loss: 9.928341E-02 | loss scale: 1.0 | grad norm: 20.138 | number of skipped iterations:   0 | number of nan iterations:   0 |
Step Time : 15.93s GPU utilization: 31.3MODEL_TFLOP/s/GPU
 [2026-10-04 19:39:40] iteration        8/      50 | consumed samples:          512 | elapsed time per iteration (ms): 15927.5 | learning rate: 1.000000E-05 | global batch size:    64 | lm loss: 9.982318E-02 | loss scale: 1.0 | grad norm: 14.747 | number of skipped iterations:   0 | number of nan iterations:   0 |
Step Time : 16.06s GPU utilization: 30.9MODEL_TFLOP/s/GPU
 [2026-10-04 19:39:56] iteration        9/      50 | consumed samples:          576 | elapsed time per iteration (ms): 16058.7 | learning rate: 1.000000E-05 | global batch size:    64 | lm loss: 8.428978E-02 | loss scale: 1.0 | grad norm: 57.901 | number of skipped iterations:   0 | number of nan iterations:   0 |
Step Time : 15.77s GPU utilization: 31.8MODEL_TFLOP/s/GPU
 [2026-10-04 19:40:12] iteration       10/      50 | consumed samples:          640 | elapsed time per iteration (ms): 15770.5 | learning rate: 1.000000E-05 | global batch size:    64 | lm loss: 5.626036E-02 | loss scale: 1.0 | grad norm: 6.653 | number of skipped iterations:   0 | number of nan iterations:   0 |
Step Time : 16.01s GPU utilization: 31.0MODEL_TFLOP/s/GPU
 [2026-10-04 19:40:28] iteration       11/      50 | consumed samples:          704 | elapsed time per iteration (ms): 16009.6 | learning rate: 1.000000E-05 | global batch size:    64 | lm loss: 6.740429E-02 | loss scale: 1.0 | grad norm: 3.578 | number of skipped iterations:   0 | number of nan iterations:   0 |
Step Time : 15.34s GPU utilization: 31.7MODEL_TFLOP/s/GPU
 [2026-10-04 19:40:43] iteration       12/      50 | consumed samples:          768 | elapsed time per iteration (ms): 15335.0 | learning rate: 1.000000E-05 | global batch size:    64 | lm loss: 7.196809E-02 | loss scale: 1.0 | grad norm: 5.817 | number of skipped iterations:   0 | number of nan iterations:   0 |
Step Time : 15.97s GPU utilization: 31.1MODEL_TFLOP/s/GPU
 [2026-10-04 19:40:59] iteration       13/      50 | consumed samples:          832 | elapsed time per iteration (ms): 15966.7 | learning rate: 1.000000E-05 | global batch size:    64 | lm loss: 4.440204E-02 | loss scale: 1.0 | grad norm: 4.671 | number of skipped iterations:   0 | number of nan iterations:   0 |
Step Time : 15.43s GPU utilization: 31.9MODEL_TFLOP/s/GPU
 [2026-10-04 19:41:14] iteration       14/      50 | consumed samples:          896 | elapsed time per iteration (ms): 15431.2 | learning rate: 1.000000E-05 | global batch size:    64 | lm loss: 3.962135E-02 | loss scale: 1.0 | grad norm: 4.973 | number of skipped iterations:   0 | number of nan iterations:   0 |
Step Time : 15.67s GPU utilization: 31.8MODEL_TFLOP/s/GPU
 [2026-10-04 19:41:30] iteration       15/      50 | consumed samples:          960 | elapsed time per iteration (ms): 15673.7 | learning rate: 1.000000E-05 | global batch size:    64 | lm loss: 3.273735E-02 | loss scale: 1.0 | grad norm: 6.285 | number of skipped iterations:   0 | number of nan iterations:   0 |
Step Time : 15.88s GPU utilization: 31.4MODEL_TFLOP/s/GPU
 [2026-10-04 19:41:46] iteration       16/      50 | consumed samples:         1024 | elapsed time per iteration (ms): 15875.3 | learning rate: 1.000000E-05 | global batch size:    64 | lm loss: 3.534627E-02 | loss scale: 1.0 | grad norm: 3.974 | number of skipped iterations:   0 | number of nan iterations:   0 |
Step Time : 16.98s GPU utilization: 29.3MODEL_TFLOP/s/GPU
 [2026-10-04 19:42:03] iteration       17/      50 | consumed samples:         1088 | elapsed time per iteration (ms): 16977.4 | learning rate: 1.000000E-05 | global batch size:    64 | lm loss: 3.229498E-02 | loss scale: 1.0 | grad norm: 5.270 | number of skipped iterations:   0 | number of nan iterations:   0 |
Step Time : 16.09s GPU utilization: 31.3MODEL_TFLOP/s/GPU
 [2026-10-04 19:42:19] iteration       18/      50 | consumed samples:         1152 | elapsed time per iteration (ms): 16094.0 | learning rate: 1.000000E-05 | global batch size:    64 | lm loss: 3.163434E-02 | loss scale: 1.0 | grad norm: 4.173 | number of skipped iterations:   0 | number of nan iterations:   0 |
Step Time : 16.65s GPU utilization: 29.6MODEL_TFLOP/s/GPU
 [2026-10-04 19:42:36] iteration       19/      50 | consumed samples:         1216 | elapsed time per iteration (ms): 16646.0 | learning rate: 1.000000E-05 | global batch size:    64 | lm loss: 2.545630E-02 | loss scale: 1.0 | grad norm: 2.695 | number of skipped iterations:   0 | number of nan iterations:   0 |
Step Time : 16.04s GPU utilization: 31.2MODEL_TFLOP/s/GPU
 [2026-10-04 19:42:52] iteration       20/      50 | consumed samples:         1280 | elapsed time per iteration (ms): 16041.6 | learning rate: 1.000000E-05 | global batch size:    64 | lm loss: 2.947953E-02 | loss scale: 1.0 | grad norm: 3.654 | number of skipped iterations:   0 | number of nan iterations:   0 |
Step Time : 15.83s GPU utilization: 31.7MODEL_TFLOP/s/GPU
 [2026-10-04 19:43:07] iteration       21/      50 | consumed samples:         1344 | elapsed time per iteration (ms): 15826.9 | learning rate: 1.000000E-05 | global batch size:    64 | lm loss: 2.920592E-02 | loss scale: 1.0 | grad norm: 5.116 | number of skipped iterations:   0 | number of nan iterations:   0 |
Step Time : 17.36s GPU utilization: 28.4MODEL_TFLOP/s/GPU
 [2026-10-04 19:43:25] iteration       22/      50 | consumed samples:         1408 | elapsed time per iteration (ms): 17357.7 | learning rate: 1.000000E-05 | global batch size:    64 | lm loss: 2.714321E-02 | loss scale: 1.0 | grad norm: 2.330 | number of skipped iterations:   0 | number of nan iterations:   0 |
Step Time : 16.39s GPU utilization: 30.3MODEL_TFLOP/s/GPU
 [2026-10-04 19:43:41] iteration       23/      50 | consumed samples:         1472 | elapsed time per iteration (ms): 16393.7 | learning rate: 1.000000E-05 | global batch size:    64 | lm loss: 2.015848E-02 | loss scale: 1.0 | grad norm: 2.927 | number of skipped iterations:   0 | number of nan iterations:   0 |
Step Time : 15.62s GPU utilization: 31.7MODEL_TFLOP/s/GPU
 [2026-10-04 19:43:57] iteration       24/      50 | consumed samples:         1536 | elapsed time per iteration (ms): 15616.3 | learning rate: 1.000000E-05 | global batch size:    64 | lm loss: 2.915789E-02 | loss scale: 1.0 | grad norm: 3.309 | number of skipped iterations:   0 | number of nan iterations:   0 |
Step Time : 15.43s GPU utilization: 31.7MODEL_TFLOP/s/GPU
 [2026-10-04 19:44:12] iteration       25/      50 | consumed samples:         1600 | elapsed time per iteration (ms): 15432.1 | learning rate: 1.000000E-05 | global batch size:    64 | lm loss: 3.402105E-02 | loss scale: 1.0 | grad norm: 4.516 | number of skipped iterations:   0 | number of nan iterations:   0 |
Step Time : 15.39s GPU utilization: 32.0MODEL_TFLOP/s/GPU
 [2026-10-04 19:44:28] iteration       26/      50 | consumed samples:         1664 | elapsed time per iteration (ms): 15392.8 | learning rate: 1.000000E-05 | global batch size:    64 | lm loss: 1.328634E-02 | loss scale: 1.0 | grad norm: 3.072 | number of skipped iterations:   0 | number of nan iterations:   0 |
Step Time : 15.66s GPU utilization: 31.7MODEL_TFLOP/s/GPU
 [2026-10-04 19:44:43] iteration       27/      50 | consumed samples:         1728 | elapsed time per iteration (ms): 15660.3 | learning rate: 1.000000E-05 | global batch size:    64 | lm loss: 1.318320E-02 | loss scale: 1.0 | grad norm: 3.305 | number of skipped iterations:   0 | number of nan iterations:   0 |
Step Time : 16.63s GPU utilization: 30.2MODEL_TFLOP/s/GPU
 [2026-10-04 19:45:00] iteration       28/      50 | consumed samples:         1792 | elapsed time per iteration (ms): 16635.0 | learning rate: 1.000000E-05 | global batch size:    64 | lm loss: 1.977929E-02 | loss scale: 1.0 | grad norm: 2.508 | number of skipped iterations:   0 | number of nan iterations:   0 |
Step Time : 16.49s GPU utilization: 30.2MODEL_TFLOP/s/GPU
 [2026-10-04 19:45:16] iteration       29/      50 | consumed samples:         1856 | elapsed time per iteration (ms): 16486.5 | learning rate: 1.000000E-05 | global batch size:    64 | lm loss: 1.554116E-02 | loss scale: 1.0 | grad norm: 1.784 | number of skipped iterations:   0 | number of nan iterations:   0 |
Step Time : 15.58s GPU utilization: 31.8MODEL_TFLOP/s/GPU
 [2026-10-04 19:45:32] iteration       30/      50 | consumed samples:         1920 | elapsed time per iteration (ms): 15581.0 | learning rate: 1.000000E-05 | global batch size:    64 | lm loss: 1.793626E-02 | loss scale: 1.0 | grad norm: 2.128 | number of skipped iterations:   0 | number of nan iterations:   0 |
Step Time : 15.76s GPU utilization: 31.8MODEL_TFLOP/s/GPU
 [2026-10-04 19:45:48] iteration       31/      50 | consumed samples:         1984 | elapsed time per iteration (ms): 15760.4 | learning rate: 1.000000E-05 | global batch size:    64 | lm loss: 1.265425E-02 | loss scale: 1.0 | grad norm: 2.339 | number of skipped iterations:   0 | number of nan iterations:   0 |
Step Time : 15.53s GPU utilization: 31.9MODEL_TFLOP/s/GPU
 [2026-10-04 19:46:03] iteration       32/      50 | consumed samples:         2048 | elapsed time per iteration (ms): 15532.6 | learning rate: 1.000000E-05 | global batch size:    64 | lm loss: 1.097163E-02 | loss scale: 1.0 | grad norm: 1.880 | number of skipped iterations:   0 | number of nan iterations:   0 |
Step Time : 15.58s GPU utilization: 32.0MODEL_TFLOP/s/GPU
 [2026-10-04 19:46:19] iteration       33/      50 | consumed samples:         2112 | elapsed time per iteration (ms): 15581.8 | learning rate: 1.000000E-05 | global batch size:    64 | lm loss: 1.912010E-02 | loss scale: 1.0 | grad norm: 3.766 | number of skipped iterations:   0 | number of nan iterations:   0 |
Step Time : 16.33s GPU utilization: 30.4MODEL_TFLOP/s/GPU
 [2026-10-04 19:46:35] iteration       34/      50 | consumed samples:         2176 | elapsed time per iteration (ms): 16328.2 | learning rate: 1.000000E-05 | global batch size:    64 | lm loss: 1.415903E-02 | loss scale: 1.0 | grad norm: 2.411 | number of skipped iterations:   0 | number of nan iterations:   0 |
Step Time : 17.18s GPU utilization: 29.2MODEL_TFLOP/s/GPU
 [2026-10-04 19:46:52] iteration       35/      50 | consumed samples:         2240 | elapsed time per iteration (ms): 17176.1 | learning rate: 1.000000E-05 | global batch size:    64 | lm loss: 9.543702E-03 | loss scale: 1.0 | grad norm: 4.732 | number of skipped iterations:   0 | number of nan iterations:   0 |
Step Time : 15.66s GPU utilization: 31.6MODEL_TFLOP/s/GPU
 [2026-10-04 19:47:08] iteration       36/      50 | consumed samples:         2304 | elapsed time per iteration (ms): 15663.8 | learning rate: 1.000000E-05 | global batch size:    64 | lm loss: 1.353586E-02 | loss scale: 1.0 | grad norm: 1.909 | number of skipped iterations:   0 | number of nan iterations:   0 |
Step Time : 16.25s GPU utilization: 29.9MODEL_TFLOP/s/GPU
 [2026-10-04 19:47:24] iteration       37/      50 | consumed samples:         2368 | elapsed time per iteration (ms): 16254.4 | learning rate: 1.000000E-05 | global batch size:    64 | lm loss: 1.683522E-02 | loss scale: 1.0 | grad norm: 4.381 | number of skipped iterations:   0 | number of nan iterations:   0 |
Step Time : 15.84s GPU utilization: 31.4MODEL_TFLOP/s/GPU
 [2026-10-04 19:47:40] iteration       38/      50 | consumed samples:         2432 | elapsed time per iteration (ms): 15840.6 | learning rate: 1.000000E-05 | global batch size:    64 | lm loss: 1.029352E-02 | loss scale: 1.0 | grad norm: 1.644 | number of skipped iterations:   0 | number of nan iterations:   0 |
Step Time : 15.58s GPU utilization: 31.6MODEL_TFLOP/s/GPU
 [2026-10-04 19:47:56] iteration       39/      50 | consumed samples:         2496 | elapsed time per iteration (ms): 15576.5 | learning rate: 1.000000E-05 | global batch size:    64 | lm loss: 8.772681E-03 | loss scale: 1.0 | grad norm: 1.463 | number of skipped iterations:   0 | number of nan iterations:   0 |
Step Time : 15.91s GPU utilization: 31.4MODEL_TFLOP/s/GPU
 [2026-10-04 19:48:12] iteration       40/      50 | consumed samples:         2560 | elapsed time per iteration (ms): 15912.7 | learning rate: 1.000000E-05 | global batch size:    64 | lm loss: 7.099612E-03 | loss scale: 1.0 | grad norm: 1.409 | number of skipped iterations:   0 | number of nan iterations:   0 |
Step Time : 17.17s GPU utilization: 29.0MODEL_TFLOP/s/GPU
 [2026-10-04 19:48:29] iteration       41/      50 | consumed samples:         2624 | elapsed time per iteration (ms): 17173.8 | learning rate: 1.000000E-05 | global batch size:    64 | lm loss: 8.499575E-03 | loss scale: 1.0 | grad norm: 1.800 | number of skipped iterations:   0 | number of nan iterations:   0 |
Step Time : 17.51s GPU utilization: 28.4MODEL_TFLOP/s/GPU
 [2026-10-04 19:48:46] iteration       42/      50 | consumed samples:         2688 | elapsed time per iteration (ms): 17508.5 | learning rate: 1.000000E-05 | global batch size:    64 | lm loss: 1.116624E-02 | loss scale: 1.0 | grad norm: 2.856 | number of skipped iterations:   0 | number of nan iterations:   0 |
Step Time : 16.41s GPU utilization: 30.6MODEL_TFLOP/s/GPU
 [2026-10-04 19:49:03] iteration       43/      50 | consumed samples:         2752 | elapsed time per iteration (ms): 16412.7 | learning rate: 1.000000E-05 | global batch size:    64 | lm loss: 8.710044E-03 | loss scale: 1.0 | grad norm: 2.045 | number of skipped iterations:   0 | number of nan iterations:   0 |
Step Time : 15.69s GPU utilization: 31.4MODEL_TFLOP/s/GPU
 [2026-10-04 19:49:18] iteration       44/      50 | consumed samples:         2816 | elapsed time per iteration (ms): 15688.6 | learning rate: 1.000000E-05 | global batch size:    64 | lm loss: 5.566954E-03 | loss scale: 1.0 | grad norm: 1.994 | number of skipped iterations:   0 | number of nan iterations:   0 |
Step Time : 15.79s GPU utilization: 31.7MODEL_TFLOP/s/GPU
 [2026-10-04 19:49:34] iteration       45/      50 | consumed samples:         2880 | elapsed time per iteration (ms): 15793.2 | learning rate: 1.000000E-05 | global batch size:    64 | lm loss: 8.653445E-03 | loss scale: 1.0 | grad norm: 1.718 | number of skipped iterations:   0 | number of nan iterations:   0 |
Step Time : 16.50s GPU utilization: 30.5MODEL_TFLOP/s/GPU
 [2026-10-04 19:49:51] iteration       46/      50 | consumed samples:         2944 | elapsed time per iteration (ms): 16497.0 | learning rate: 1.000000E-05 | global batch size:    64 | lm loss: 8.135771E-03 | loss scale: 1.0 | grad norm: 1.437 | number of skipped iterations:   0 | number of nan iterations:   0 |
Step Time : 16.60s GPU utilization: 29.7MODEL_TFLOP/s/GPU
 [2026-10-04 19:50:07] iteration       47/      50 | consumed samples:         3008 | elapsed time per iteration (ms): 16595.6 | learning rate: 1.000000E-05 | global batch size:    64 | lm loss: 7.985629E-03 | loss scale: 1.0 | grad norm: 2.541 | number of skipped iterations:   0 | number of nan iterations:   0 |
Step Time : 15.74s GPU utilization: 31.6MODEL_TFLOP/s/GPU
 [2026-10-04 19:50:23] iteration       48/      50 | consumed samples:         3072 | elapsed time per iteration (ms): 15741.7 | learning rate: 1.000000E-05 | global batch size:    64 | lm loss: 5.543434E-03 | loss scale: 1.0 | grad norm: 2.355 | number of skipped iterations:   0 | number of nan iterations:   0 |
Step Time : 15.82s GPU utilization: 31.3MODEL_TFLOP/s/GPU
 [2026-10-04 19:50:39] iteration       49/      50 | consumed samples:         3136 | elapsed time per iteration (ms): 15821.6 | learning rate: 1.000000E-05 | global batch size:    64 | lm loss: 9.765418E-03 | loss scale: 1.0 | grad norm: 3.687 | number of skipped iterations:   0 | number of nan iterations:   0 |
Step Time : 17.00s GPU utilization: 28.8MODEL_TFLOP/s/GPU
Deleting CUDA graphs
 [2026-10-04 19:50:56] iteration       50/      50 | consumed samples:         3200 | elapsed time per iteration (ms): 17001.5 | learning rate: 1.000000E-05 | global batch size:    64 | lm loss: 1.130840E-02 | loss scale: 1.0 | grad norm: 2.643 | number of skipped iterations:   0 | number of nan iterations:   0 |
[after training is done] datetime: 2026-10-04 19:50:57 
